,0,1,2,3,4,5,6,7,8,9,10,11,12,13,14,15,16,17,18,19,20,21,22,23,24,25,26,27,28,29,30,31,32,33,34,35,36,37,38,39,40,41,42,43,44,45,46,47,48,49,50,51,52,53,54,55,56,57,58,59,60,61,62,63,64,65,66,67,68,69,70,71,72,73,74,75,76,77,78,79,80,81,82,83,84,85,86,87,88,89,90,91,92,93,94,95,96,97,98,99,100,101,102,103,104,105,106,107,108,109,110,111,112,113,114,115,116,117,118,119,120,121,122,123,124,125,126,127,128,129,130,131,132,133,134,135,136,137,138,139,140,141,142,143,144,145,146,147,148,149,150,151,152,153,154,155,156,157,158,159,160,161,162,163,164,165,166,167,168,169,170,171,172,173,174,175,176,177,178,179,180,181,182,183,184,185,186,187,188,189,190,191,192,193,194,195,196,197,198,199,200,201,202,203,204,205,206,207,208,209,210,211,212,213,214,215,216,217,218,219,220,221
0,0.0,0.0,0.0,0.0,0.0,0.0,0.0,0.0,0.0,0.0,0.0,0.0,0.0,0.0,0.0,0.0,0.0,0.0,0.0,0.0,0.0,0.0,0.0,0.0,0.0,0.0,0.0,0.0,0.0,0.0,0.0,0.0,0.0,0.0,0.0,0.0,0.0,0.0,0.0,0.0,0.0,0.0,0.0,0.0,0.0,0.0,0.0,0.0,0.0,0.0,0.0,0.0,0.0,0.0,0.0,0.0,0.0,0.0,0.0,0.0,0.0,0.0,0.0,0.0,0.0,0.0,0.0,0.0,0.0,0.0,0.0,0.0,0.0,0.0,0.0,0.0,0.0,0.0,0.0,0.0,0.0,0.0,0.0,0.0,0.0,0.0,0.0,0.0,0.0,0.0,0.0,0.0,0.0,0.0,0.0,0.0,0.0,0.0,0.0,0.0,0.0,0.0,0.0,0.0,0.0,0.0,0.0,0.0,0.0,0.0,0.0,0.0,0.0,0.0,0.0,0.0,0.0,0.0,0.0,0.0,0.0,0.0,0.0,0.0,0.0,0.0,0.0,0.0,0.0,0.0,0.0,0.0,0.0,0.0,0.0,0.0,0.0,0.0,0.0,0.0,0.0,0.0,0.0,0.0,0.0,0.0,0.0,0.0,0.0,0.0,0.0,0.0,0.0,0.0,0.0,0.0,0.0,0.0,0.0,0.0,0.0,0.0,0.0,0.0,0.0,0.0,0.0,0.0,0.0,0.0,0.0,0.0,0.0,0.0,0.0,0.0,0.0,0.0,0.0,0.0,0.0,0.0,0.0,0.0,0.0,0.0,0.0,0.0,0.0,0.0,0.0,0.0,0.0,0.0,0.0,0.0,0.0,0.0,0.0,0.0,0.0,0.0,0.0,0.0,0.0,0.0,0.0,0.0,0.0,0.0,0.0,0.0,0.0,0.0,0.0,0.0,0.0,0.0,0.0,0.0,0.0,0.0
1,0.0628272251309,0.366492146597,0.785340314136,0.267015706806,0.471204188482,0.340314136126,0.465968586387,0.38219895288,0.397905759162,0.392670157068,0.366492146597,0.361256544503,0.408376963351,0.246073298429,0.256544502618,0.450261780105,0.151832460733,0.319371727749,0.329842931937,0.434554973822,0.261780104712,0.235602094241,0.418848167539,0.314136125654,0.157068062827,0.20942408377,0.376963350785,0.235602094241,0.48167539267,0.225130890052,0.30890052356,0.513089005236,0.183246073298,0.450261780105,0.272251308901,0.225130890052,0.392670157068,0.874345549738,0.413612565445,0.455497382199,0.575916230366,0.408376963351,0.30890052356,0.649214659686,0.282722513089,0.455497382199,0.340314136126,0.460732984293,0.544502617801,0.476439790576,0.193717277487,0.471204188482,0.392670157068,1.0,0.743455497382,0.471204188482,0.476439790576,0.528795811518,0.455497382199,0.376963350785,0.403141361257,0.20942408377,0.560209424084,0.335078534031,0.298429319372,0.612565445026,0.34554973822,0.272251308901,0.287958115183,0.335078534031,0.324607329843,0.371727748691,0.319371727749,0.392670157068,0.497382198953,0.408376963351,0.30890052356,0.240837696335,0.387434554974,0.418848167539,0.298429319372,0.376963350785,0.230366492147,0.251308900524,0.356020942408,0.418848167539,0.612565445026,0.455497382199,0.350785340314,0.366492146597,0.539267015707,0.204188481675,0.267015706806,0.48167539267,0.38219895288,0.560209424084,0.30890052356,0.361256544503,0.429319371728,0.251308900524,0.335078534031,0.429319371728,0.17277486911,0.361256544503,0.287958115183,0.460732984293,0.230366492147,0.230366492147,0.701570680628,0.219895287958,0.225130890052,0.272251308901,0.272251308901,0.314136125654,0.30890052356,0.460732984293,0.424083769634,0.225130890052,0.497382198953,0.44502617801,0.17277486911,0.434554973822,0.329842931937,0.214659685864,0.471204188482,0.403141361257,0.329842931937,0.230366492147,0.219895287958,0.225130890052,0.267015706806,0.549738219895,0.544502617801,0.30890052356,0.335078534031,0.34554973822,0.361256544503,0.534031413613,0.267015706806,0.413612565445,0.575916230366,0.246073298429,0.20942408377,0.670157068063,0.455497382199,0.167539267016,0.591623036649,0.649214659686,0.434554973822,0.418848167539,0.612565445026,0.350785340314,0.387434554974,0.48167539267,0.303664921466,0.350785340314,0.267015706806,0.188481675393,0.261780104712,0.235602094241,0.429319371728,0.0994764397906,0.30890052356,0.591623036649,0.267015706806,0.303664921466,0.230366492147,0.513089005236,0.48167539267,0.439790575916,0.502617801047,0.20942408377,0.858638743455,0.298429319372,0.214659685864,0.471204188482,0.251308900524,0.261780104712,0.340314136126,0.30890052356,0.591623036649,0.314136125654,0.544502617801,0.460732984293,0.607329842932,0.183246073298,0.366492146597,0.450261780105,0.34554973822,0.361256544503,0.424083769634,0.544502617801,0.366492146597,0.738219895288,0.670157068063,0.157068062827,0.340314136126,0.476439790576,0.392670157068,0.361256544503,0.507853403141,0.240837696335,0.65445026178,0.460732984293,0.460732984293,0.712041884817,0.408376963351,0.350785340314,0.235602094241,0.162303664921,0.282722513089,0.293193717277,0.476439790576,0.497382198953,0.261780104712,0.418848167539,0.392670157068,0.335078534031,0.235602094241,0.460732984293,0.408376963351,0.256544502618
2,0.0263499192198,0.108986615679,0.0335534409415,0.0284101857204,0.0303148205789,0.021262246728,0.0276653771473,0.0506395719389,0.0354432537389,0.0398528169327,0.0338721152563,0.0257644478041,0.0194724828435,0.0479530733544,0.0216772644404,0.0340610965361,0.0322824491974,0.0297108215868,0.028558406332,0.024660204248,0.0253938962752,0.0293699141803,0.0367735337276,0.0329605584953,0.0241562541687,0.028584344939,0.02449345606,0.0253086694236,0.0298960973513,0.0294329079402,0.0441882698208,0.0413016734107,0.0257125705901,0.0298701587443,0.0394377992204,0.0431988972387,0.0660359879645,0.05616820075,0.0595735693005,0.0499169964575,0.0269131575437,0.0402715401604,0.037240428654,0.0378888938296,0.0400973809418,0.0276987267849,0.025108571598,0.0289067247691,0.0403197118591,0.0603665495724,0.034572457646,0.0329272088577,0.0459150399455,0.038163101961,0.0284361243274,0.0408458950302,0.0519587353817,0.0423725673292,0.0471156268991,0.0279210577023,0.0311596780648,0.0245601553352,0.033175478382,0.0296070671588,0.0253605466376,0.0246676152786,0.0270910222776,0.0201654142025,0.0250826329909,0.0254791231269,0.0243971126625,0.0262461647917,0.051154638564,0.0339017593787,0.0382557398432,0.0345687521307,0.0407495516327,0.0510582951665,0.0483866186432,0.065042909867,0.0425096713949,0.0649317444084,0.0407273185409,0.0591252019506,0.0503431307158,0.0475084115197,0.0353654379178,0.0297626988009,0.0231520595254,0.0262832199446,0.0275097455052,0.0270280285176,0.0265944832288,0.0328864481895,0.0362214119495,0.0242711251427,0.0282879037159,0.0488090473861,0.0471749151437,0.0256384602843,0.0437139638638,0.0500429839774,0.0466264988809,0.0400195651207,0.0442920242489,0.0232261698312,0.0327048779403,0.0298590421984,0.0250270502616,0.0312300828553,0.0206434256748,0.0214401114619,0.0758111372968,0.0346539789823,0.0279840514622,0.0309558747239,0.0300480234781,0.0251382157203,0.0379592986201,0.0311819111566,0.0282582595936,0.0260127173285,0.0391747076348,0.0250789274757,0.0253457245765,0.0306927831384,0.024467517453,0.0227555693895,0.0279025301258,0.0258830242934,0.0309781078157,0.0230149554597,0.0545711236605,0.0207286525264,0.0473898350305,0.0354766033765,0.0484792565254,0.0702343367869,0.0266648880193,0.0396564246224,0.0290401233195,0.0547045222109,0.0848007173878,0.094549928113,0.0761557502186,0.0739732017134,0.0923303244549,0.184619888242,0.309262306016,0.583537136674,0.495408866557,0.520124653534,0.767864289208,0.624375620674,0.479171298561,0.558398920954,0.404308773178,0.411041694458,0.343819941601,0.22114885796,0.37810707457,0.254372508041,0.353369054501,0.342308091363,0.332699690219,0.236141372819,0.212696577586,0.250592882446,0.610279840515,0.522414661983,0.462589117643,0.343827352632,0.352954036788,0.300276431441,0.450023715298,0.350804837921,0.399554597062,0.266811922866,0.350519513244,0.296589443728,0.273641187544,0.37343441979,0.362988572191,0.290256718099,0.261835415833,0.30853602502,0.336290334534,0.197263106408,0.373293610209,0.403793706553,0.352750233447,0.271117731632,0.224150325344,0.207545911334,0.196414543406,0.283935109016,0.317677531237,0.322787436821,0.357548875747,0.343801414025,0.288830094713,0.0985518846251,0.237882965005,0.272158981428,0.219192345888,0.246442705323,0.363581454637,0.230961062445,0.231346436035,0.141921235567,0.0138993878489,0.519546593149,0.483139905435,0.496824373397,0.487486474869,0.526405501949,0.733743904427,0.739239183601,0.639605288511,0.743834022559,0.87035143107,1.0
3,0.0493521036634,0.228614850195,0.0297209589323,0.0363370432159,0.0372283291816,0.0249217268094,0.0319491738465,0.0746394862536,0.04977489316,0.0466325387938,0.0476952259067,0.0440386680988,0.0216765317549,0.0734968119387,0.0356742921133,0.0311607285691,0.0318234796718,0.0426674589209,0.0296066915008,0.0369769408323,0.0223278561145,0.0276527184222,0.023973307128,0.033823159723,0.0229677537308,0.0482894165505,0.0259158534634,0.0262472290148,0.0350801014695,0.0323491098567,0.0512832232557,0.0414905043764,0.0288525264529,0.0416390520374,0.0408734602464,0.0393422766643,0.0982357108577,0.0359485339489,0.0695888657815,0.0482094293484,0.0265214708504,0.0428160065818,0.045044221496,0.0394222638664,0.0578421738236,0.0362799095002,0.0309436204493,0.0285097241584,0.0482094293484,0.0690403821103,0.0370683547775,0.0294467170967,0.0392508627191,0.0312978494869,0.028783965994,0.0284297369564,0.0567337797381,0.0340174143566,0.0554654112485,0.0231505816212,0.0330347144457,0.0243046826793,0.0300523344836,0.0225678177206,0.0341888155038,0.0248188861211,0.0193111959229,0.0236533583198,0.025195968645,0.0301437484288,0.0184541901867,0.032291976141,0.0727197934045,0.0260186941518,0.043673012318,0.034817286377,0.0599446945632,0.0530886486734,0.0533057567932,0.0664122311859,0.0344516305962,0.0886829535846,0.0421075485065,0.0726169527161,0.0368055396851,0.0775875859862,0.0439358274105,0.0319720273328,0.0295038508124,0.0283840299838,0.022065041022,0.0299152135658,0.0331604086203,0.0419590008456,0.0281554951208,0.0270699545216,0.0363827501885,0.0360399478941,0.0368283931714,0.0366912722536,0.033743172521,0.0717485202368,0.0729483282675,0.0528372603241,0.0729711817538,0.0191283680325,0.0436958658043,0.0238247594671,0.0206252713851,0.0353771967914,0.0257901592888,0.0179171332587,0.0582992435496,0.0296752519597,0.0190598075736,0.0249560070389,0.0272642091551,0.0154718102246,0.0332175423361,0.0291381950317,0.0245674977718,0.0286811253057,0.0304522704939,0.0225792444637,0.0233219827685,0.027332769614,0.0250931279567,0.0244075233677,0.0246132047444,0.0210594876248,0.0281212148913,0.0244875105697,0.044050094842,0.0181228146354,0.0388052197363,0.0319034668739,0.0717713737231,0.0847178737116,0.0271956486962,0.0367712594556,0.0266585917682,0.0556710926252,0.076044975661,0.0654980917339,0.0463582969582,0.0870260758279,0.0891057430811,0.18397056471,0.274390383253,0.506250428503,0.457366821309,0.567212103206,0.808864867336,0.989395982357,0.458429508422,0.472838631533,0.306111022236,0.310567452065,0.310567452065,0.349612633407,0.346778801106,0.432010878259,0.276207235414,0.238818931828,0.239310281783,0.20860662294,0.174772036474,0.425211966085,0.607731334415,0.448476815138,0.357005736225,0.291450510775,0.31356125877,0.263980620244,0.418938684096,0.234682450808,0.275453070366,0.421715382682,0.299494937953,0.274790319263,0.319503165208,0.369003816532,0.348527092808,0.283794592865,0.415065018169,0.22336997509,0.340162716822,0.157951870558,0.334506478963,0.34737299175,0.314943894691,0.236933519208,0.339991315675,0.179936924378,0.193957538222,0.192609182531,0.283451790571,0.283908860297,0.374408666042,0.338151610028,0.302900107411,0.125568480472,0.278858239824,0.23371117764,0.331821194323,0.387915076445,0.437712823091,0.207658203259,0.211600429646,0.125534200242,0.0153575427932,0.377311058802,0.590671206893,0.847293004548,0.479786091368,0.617432639349,0.783657471947,0.924400667322,0.729449002445,0.837557419384,0.998994446603,1.0
4,0.0813258158209,0.281308730566,0.474799248249,0.324619853067,0.99820604818,0.416794806082,0.341021698274,0.736545361353,0.320092260379,0.331026823851,0.374252520075,0.249615581753,0.2565351102,0.318640013668,0.27020331454,0.315052110029,0.449940201606,0.313429010764,0.27908764736,0.277977105758,0.285067486759,0.278318810866,0.405860242611,0.348624636938,0.281650435674,1.0,0.26781137878,0.326840936272,0.435246881941,0.316333504186,0.294635229797,0.333504185888,0.33077054502,0.366905860243,0.757816504357,0.380317785751,0.396121647019,0.499487442337,0.483171023407,0.307449171365,0.315052110029,0.510165726978,0.50623611823,0.589783017256,0.436015718435,0.476422347514,0.442508115496,0.32957457714,0.398513582778,0.312916453101,0.397061336067,0.288484537844,0.396121647019,0.325815820947,0.36459935076,0.370152058773,0.411925508286,0.561421493251,0.322655048693,0.374935930292,0.432513241073,0.584486588074,0.426789680506,0.3651973347,0.305740645823,0.424397744746,0.263796343755,0.380915769691,0.307192892534,0.449769349052,0.474799248249,0.369297796002,0.417990773962,0.365026482146,0.401332649923,0.396036220742,0.583888604135,0.407397915599,0.303690415172,0.563300871348,0.328720314369,0.31710234068,0.346659832564,0.38894583974,0.441483000171,0.366564155134,0.43439261917,0.270972151034,0.295745771399,0.553305996925,0.29215786776,0.454809499402,0.321629933368,0.374594225184,0.34324278148,0.234495130702,0.80463010422,0.413206902443,0.268238510166,0.219289253374,0.232530326328,0.366137023749,0.277549974372,0.307363745088,0.307278318811,0.267555099949,0.355971296771,0.365453613532,0.438749359303,0.215786776012,0.344951307022,0.297881428327,0.269690756877,0.469075687682,0.360413463181,0.355544165385,0.712626003759,0.296258329062,0.333504185888,0.322057064753,0.249359302922,0.371262600376,0.330087134803,0.281394156843,0.255082863489,0.268751067828,0.227831881087,0.215615923458,0.286690586024,0.208610968734,0.161797368871,0.220741500085,0.250640697078,0.212626003759,0.219203827097,0.246369383222,0.175636425765,0.462327011789,0.211430035879,0.291303604989,0.306082350931,0.254057748163,0.381855458739,0.351443704083,0.544421664104,0.55672304801,0.449940201606,0.423628908252,0.472321886212,0.575773107808,0.558260720998,0.571672646506,0.485904664275,0.572783188109,0.372202289424,0.303519562617,0.345207585853,0.286434307193,0.381001195968,0.305740645823,0.461045617632,0.359302921579,0.39073979156,0.292072441483,0.320177686656,0.318042029728,0.229198701521,0.515889287545,0.413634033829,0.442764394328,0.43823680164,0.455492909619,0.419613873227,0.265419443021,0.334700153767,0.376986160943,0.295745771399,0.356825559542,0.367162139074,0.333675038442,0.658294891509,0.347770374167,0.392448317102,0.402272338971,0.388689560909,0.323253032633,0.29155988382,0.292243294037,0.448658807449,0.299248248761,0.352981377072,0.317187766957,0.326840936272,0.354433623783,0.298052280882,0.355031607723,0.296258329062,0.335383563984,0.400905518538,0.289338800615,0.259695882453,0.271740987528,0.422603792927,0.344951307022,0.27584144883,0.284896634205,0.281906714505,0.223218862122,0.308901418076,0.422774645481,0.164701862293,0.254570305826,0.528532376559,0.488211173757,0.382624295233,0.357679822313,0.471809328549,0.331453955237,0.307961729028,0.404237143345,0.467367162139,0.774303775841
5,0.0,0.0,0.0,0.0,0.0,0.0,0.0,0.0,0.0,0.0,0.0,0.0,0.0,0.0,0.0,0.0,0.0,0.0,0.0,0.0,0.0,0.0,0.0,0.0,0.0,0.0,0.0,0.0,0.0,0.0,0.0,0.0,0.0,0.0,0.0,0.0,0.0,0.0,0.0,0.0,0.0,0.0,0.0,0.0,0.0,0.0,0.0,0.0,0.0,0.0,0.0,0.0,0.0,0.0,0.0,0.0,0.0,0.0,0.0,0.0,0.0,0.0,0.0,0.0,0.0,0.0,0.0,0.0,0.0,0.0,0.0,0.0,0.0,0.0,0.0,0.0,0.0,0.0,0.0,0.0,0.0,0.0,0.0,0.0,0.0,0.0,0.0,0.0,0.0,0.0,0.0,0.0,0.0,0.0,0.0,0.0,0.0,0.0,0.0,0.0,0.0,0.0,0.0,0.0,0.0,0.0,0.0,0.0,0.0,0.0,0.0,0.0,0.0,0.0,0.0,0.0,0.0,0.0,0.0,0.0,0.0,0.0,0.0,0.0,0.0,0.0,0.0,0.0,0.0,0.0,0.0,0.0,0.0,0.0,0.0,0.0,0.0,0.0,0.0,0.0,0.0,0.0,0.0,0.0,0.0,0.0,0.0,0.0,0.0,0.0,0.0,0.0,0.0,0.0,0.0,0.0,0.0,0.0,0.0,0.0,0.0,0.0,0.0,0.0,0.0,0.0,0.0,0.0,0.0,0.0,0.0,0.0,0.0,0.0,0.0,0.0,0.0,0.0,0.0,0.0,0.0,0.0,0.0,0.0,0.0,0.0,0.0,0.0,0.0,0.0,0.0,0.0,0.0,0.0,0.0,0.0,0.0,0.0,0.0,0.0,0.0,0.0,0.0,0.0,0.0,0.0,0.0,0.0,0.0,0.0,0.0,0.0,0.0,0.0,0.0,0.0,0.0,0.0,0.0,0.0,0.0,0.0
6,0.0,0.0,0.0,0.0,0.0,0.0,0.0,0.0,0.0,0.0,0.0,0.0,0.0,0.0,0.0,0.0,0.0,0.0,0.0,0.0,0.0,0.0,0.0,0.0,0.0,0.0,0.0,0.0,0.0,0.0,0.0,0.0,0.0,0.0,0.0,0.0,0.0,0.0,0.0,0.0,0.0,0.0,0.0,0.0,0.0,0.0,0.0,0.0,0.0,0.0,0.0,0.0,0.0,0.0,0.0,0.0,0.0,0.0,0.0,0.0,0.0,0.0,0.0,0.0,0.0,0.0,0.0,0.0,0.0,0.0,0.0,0.0,0.0,0.0,0.0,0.0,0.0,0.0,0.0,0.0,0.0,0.0,0.0,0.0,0.0,0.0,0.0,0.0,0.0,0.0,0.0,0.0,0.0,0.0,0.0,0.0,0.0,0.0,0.0,0.0,0.0,0.0,0.0,0.0,0.0,0.0,0.0,0.0,0.0,0.0,0.0,0.0,0.0,0.0,0.0,0.0,0.0,0.0,0.0,0.0,0.0,0.0,0.0,0.0,0.0,0.0,0.0,0.0,0.0,0.0,0.0,0.0,0.0,0.0,0.0,0.0,0.0,0.0,0.0,0.0,0.0,0.0,0.0,0.0,0.0,0.0,0.0,0.0,0.0,0.0,0.0,0.0,0.0,0.0,0.0,0.0,0.0,0.0,0.0,0.0,0.0,0.0,0.0,0.0,0.0,0.0,0.0,0.0,0.0,0.0,0.0,0.0,0.0,0.0,0.0,0.0,0.0,0.0,0.0,0.0,0.0,0.0,0.0,0.0,0.0,0.0,0.0,0.0,0.0,0.0,0.0,0.0,0.0,0.0,0.0,0.0,0.0,0.0,0.0,0.0,0.0,0.0,0.0,0.0,0.0,0.0,0.0,0.0,0.0,0.0,0.0,0.0,0.0,0.0,0.0,0.0,0.0,0.0,0.0,0.0,0.0,0.0
7,0.115606936416,0.517341040462,0.381502890173,0.335260115607,0.306358381503,0.14161849711,0.248554913295,0.401734104046,0.468208092486,0.135838150289,0.439306358382,0.199421965318,0.586705202312,0.268786127168,0.14161849711,0.14450867052,0.196531791908,0.118497109827,0.187861271676,0.274566473988,0.179190751445,0.0722543352601,0.297687861272,0.265895953757,0.384393063584,0.153179190751,0.294797687861,0.485549132948,0.28901734104,0.28612716763,0.381502890173,0.465317919075,0.251445086705,0.184971098266,0.277456647399,0.323699421965,0.42774566474,0.676300578035,0.393063583815,0.254335260116,0.251445086705,0.35549132948,0.268786127168,0.317919075145,0.153179190751,0.277456647399,0.234104046243,0.71387283237,0.598265895954,0.265895953757,0.335260115607,0.404624277457,0.552023121387,1.0,0.829479768786,0.323699421965,0.364161849711,0.222543352601,0.416184971098,0.35838150289,0.248554913295,0.445086705202,0.335260115607,0.263005780347,0.153179190751,0.294797687861,0.199421965318,0.341040462428,0.560693641618,0.251445086705,0.291907514451,0.557803468208,0.42774566474,0.64450867052,0.338150289017,0.280346820809,0.234104046243,0.257225433526,0.395953757225,0.349710982659,0.315028901734,0.21387283237,0.280346820809,0.239884393064,0.424855491329,0.35838150289,0.236994219653,0.291907514451,0.260115606936,0.312138728324,0.222543352601,0.182080924855,0.21676300578,0.416184971098,0.161849710983,0.118497109827,0.277456647399,0.28612716763,0.28612716763,0.14161849711,0.196531791908,0.21676300578,0.21098265896,0.21676300578,0.109826589595,0.297687861272,0.127167630058,0.378612716763,0.601156069364,0.0982658959538,0.274566473988,0.638728323699,0.528901734104,0.309248554913,0.424855491329,0.332369942197,0.21098265896,0.231213872832,0.35549132948,0.158959537572,0.208092485549,0.179190751445,0.323699421965,0.158959537572,0.254335260116,0.306358381503,0.245664739884,0.199421965318,0.248554913295,0.179190751445,0.205202312139,0.332369942197,0.231213872832,0.257225433526,0.291907514451,0.274566473988,0.101156069364,0.329479768786,0.150289017341,0.300578034682,0.479768786127,0.132947976879,0.176300578035,0.546242774566,0.222543352601,0.28612716763,0.384393063584,0.320809248555,0.445086705202,0.621387283237,0.606936416185,0.309248554913,0.387283236994,0.378612716763,0.124277456647,0.222543352601,0.228323699422,0.196531791908,0.176300578035,0.135838150289,0.280346820809,0.112716763006,0.436416184971,0.404624277457,0.130057803468,0.190751445087,0.173410404624,0.300578034682,0.465317919075,0.291907514451,0.219653179191,0.135838150289,0.390173410405,0.193641618497,0.242774566474,0.184971098266,0.173410404624,0.118497109827,0.263005780347,0.118497109827,0.43063583815,0.378612716763,0.35549132948,0.158959537572,0.158959537572,0.260115606936,0.150289017341,0.329479768786,0.28323699422,0.21676300578,0.130057803468,0.263005780347,0.135838150289,0.228323699422,0.416184971098,0.231213872832,0.309248554913,0.323699421965,0.21387283237,0.132947976879,0.242774566474,0.173410404624,0.329479768786,0.300578034682,0.329479768786,0.424855491329,0.199421965318,0.254335260116,0.164739884393,0.190751445087,0.182080924855,0.21098265896,0.447976878613,0.528901734104,0.306358381503,0.187861271676,0.378612716763,0.465317919075,0.265895953757,0.268786127168,0.306358381503,0.173410404624
8,0.033243756225,0.216450867269,0.0255482682803,0.0260932478906,0.0213857516021,0.0132768308496,0.024787176066,0.0668727566572,0.0486911093154,0.0351229962603,0.0342867344446,0.0265160768985,0.0127318512394,0.0969405972225,0.016433954109,0.0188957585552,0.0161426719035,0.0213669592017,0.0163869731081,0.0164621427095,0.0185480991487,0.0179373461372,0.0196568507695,0.0224945032229,0.0143386014696,0.0187736079529,0.0163493883074,0.0143010166689,0.0169413489185,0.0232180106365,0.0436735384211,0.0266382275008,0.0162272377051,0.0212354123992,0.0272489805123,0.0246180444628,0.0532764550016,0.0350666190593,0.0459380226636,0.0357337492718,0.0157386352959,0.0274556969162,0.029522860955,0.02978595456,0.0243455546577,0.0203239809821,0.0151654670851,0.0217615996091,0.0335444346306,0.0534173980042,0.0254824948791,0.0190460977581,0.0309510833819,0.0252194012741,0.0146110912747,0.0214797136038,0.0385338169244,0.0253321556762,0.0349068836562,0.0177964031346,0.019252814162,0.0134647548531,0.0128540018417,0.0195628887678,0.0155882960931,0.0166782553136,0.0140755078646,0.0146204874749,0.0151278822844,0.0219589198128,0.0160768985022,0.0191588521602,0.0385338169244,0.0215924680059,0.0177306297333,0.0195253039671,0.0227857854284,0.0292691635503,0.0427808994043,0.0466709262774,0.0284329017345,0.0526093247891,0.0381955537181,0.0431003702103,0.0343994888467,0.058669873903,0.0218179768102,0.0196756431699,0.0150809012835,0.0171950463233,0.0169883299194,0.0171104805217,0.0203521695826,0.0247307988649,0.0199387367748,0.0173453855261,0.0211884313983,0.0264221148967,0.0254918910792,0.0176178753312,0.0230770676338,0.0396895495462,0.0419822223893,0.0291000319471,0.0563490124594,0.0111251010092,0.0279442993254,0.0136432826565,0.0156070884934,0.0207749985906,0.0139251686618,0.0146392798752,0.057128897074,0.0212542047996,0.0156822580948,0.0191682483604,0.0185762877492,0.0134271700524,0.0302839531693,0.0244958938605,0.0197414165711,0.0226824272264,0.0252851746754,0.0187924003533,0.0206622441885,0.0206810365888,0.0189051547554,0.01489297728,0.0168473869167,0.0160017289008,0.0270046793077,0.0144607520719,0.0352357506624,0.0124405690339,0.0298705203616,0.0267321895026,0.0496871065341,0.0789656662846,0.0156352770939,0.0293161445511,0.0174581399282,0.0555033544435,0.0660552872418,0.0537086802097,0.042658748802,0.0606148873396,0.0706594253284,0.136273091162,0.24945032229,0.48566139853,0.403679551989,0.524148234454,0.526807359104,0.705739199068,0.307077217973,0.132815289497,0.270347471483,0.287279424201,0.305761749948,0.24947851089,0.158927329788,0.359226128953,0.232048559563,0.236615112848,0.211254768572,0.209516471539,0.188328040141,0.335340988104,0.430571476895,0.381748820777,0.295275590551,0.283455170729,0.298742788416,0.263215755548,0.42500892639,0.220961043354,0.246171048428,0.274152932554,0.300650217052,0.298827354218,0.318352658185,0.334824197095,0.290699641065,0.26863736305,0.325277657715,0.270309886682,0.294570875538,0.166575836732,0.274726100765,0.133022005901,0.265254730987,0.222426850582,0.24630259523,0.173096799654,0.184165523462,0.169920883995,0.222755717588,0.23136263695,0.337737019149,0.290727829666,0.248078477064,0.116860541597,0.247495912653,0.207928513709,0.24360588578,0.276539567399,0.376533929679,0.209309755135,0.217944863097,0.114285982749,0.00873846616428,0.208905718527,0.523434123241,0.696709450698,0.484458684908,0.612660440118,0.704198222239,0.727162535471,0.607220040216,0.729408227313,0.861612763798,1.0
9,0.0,0.0,0.0,0.0,0.0,0.0,0.0,0.0,0.0,0.0,0.0,0.0,0.0,0.0,0.0,0.0,0.0,0.0,0.0,0.0,0.0,0.0,0.0,0.0,0.0,0.0,0.0,0.0,0.0,0.0,0.0,0.0,0.0,0.0,0.0,0.0,0.0,0.0,0.0,0.0,0.0,0.0,0.0,0.0,0.0,0.0,0.0,0.0,0.0,0.0,0.0,0.0,0.0,0.0,0.0,0.0,0.0,0.0,0.0,0.0,0.0,0.0,0.0,0.0,0.0,0.0,0.0,0.0,0.0,0.0,0.0,0.0,0.0,0.0,0.0,0.0,0.0,0.0,0.0,0.0,0.0,0.0,0.0,0.0,0.0,0.0,0.0,0.0,0.0,0.0,0.0,0.0,0.0,0.0,0.0,0.0,0.0,0.0,0.0,0.0,0.0,0.0,0.0,0.0,0.0,0.0,0.0,0.0,0.0,0.0,0.0,0.0,0.0,0.0,0.0,0.0,0.0,0.0,0.0,0.0,0.0,0.0,0.0,0.0,0.0,0.0,0.0,0.0,0.0,0.0,0.0,0.0,0.0,0.0,0.0,0.0,0.0,0.0,0.0,0.0,0.0,0.0,0.0,0.0,0.0,0.0,0.0,0.0,0.0,0.0,0.0,0.0,0.0,0.0,0.0,0.0,0.0,0.0,0.0,0.0,0.0,0.0,0.0,0.0,0.0,0.0,0.0,0.0,0.0,0.0,0.0,0.0,0.0,0.0,0.0,0.0,0.0,0.0,0.0,0.0,0.0,0.0,0.0,0.0,0.0,0.0,0.0,0.0,0.0,0.0,0.0,0.0,0.0,0.0,0.0,0.0,0.0,0.0,0.0,0.0,0.0,0.0,0.0,0.0,0.0,0.0,0.0,0.0,0.0,0.0,0.0,0.0,0.0,0.0,0.0,0.0,0.0,0.0,0.0,0.0,0.0,0.0
10,0.0,0.0,0.0,0.0,0.0,0.0,0.0,0.0,0.0,0.0,0.0,0.0,0.0,0.0,0.0,0.0,0.0,0.0,0.0,0.0,0.0,0.0,0.0,0.0,0.0,0.0,0.0,0.0,0.0,0.0,0.0,0.0,0.0,0.0,0.0,0.0,0.0,0.0,0.0,0.0,0.0,0.0,0.0,0.0,0.0,0.0,0.0,0.0,0.0,0.0,0.0,0.0,0.0,0.0,0.0,0.0,0.0,0.0,0.0,0.0,0.0,0.0,0.0,0.0,0.0,0.0,0.0,0.0,0.0,0.0,0.0,0.0,0.0,0.0,0.0,0.0,0.0,0.0,0.0,0.0,0.0,0.0,0.0,0.0,0.0,0.0,0.0,0.0,0.0,0.0,0.0,0.0,0.0,0.0,0.0,0.0,0.0,0.0,0.0,0.0,0.0,0.0,0.0,0.0,0.0,0.0,0.0,0.0,0.0,0.0,0.0,0.0,0.0,0.0,0.0,0.0,0.0,0.0,0.0,0.0,0.0,0.0,0.0,0.0,0.0,0.0,0.0,0.0,0.0,0.0,0.0,0.0,0.0,0.0,0.0,0.0,0.0,0.0,0.0,0.0,0.0,0.0,0.0,0.0,0.0,0.0,0.0,0.0,0.0,0.0,0.0,0.0,0.0,0.0,0.0,0.0,0.0,0.0,0.0,0.0,0.0,0.0,0.0,0.0,0.0,0.0,0.0,0.0,0.0,0.0,0.0,0.0,0.0,0.0,0.0,0.0,0.0,0.0,0.0,0.0,0.0,0.0,0.0,0.0,0.0,0.0,0.0,0.0,0.0,0.0,0.0,0.0,0.0,0.0,0.0,0.0,0.0,0.0,0.0,0.0,0.0,0.0,0.0,0.0,0.0,0.0,0.0,0.0,0.0,0.0,0.0,0.0,0.0,0.0,0.0,0.0,0.0,0.0,0.0,0.0,0.0,0.0
11,0.107930057875,0.528691047901,0.432397487994,0.45671715306,0.420268439847,0.358453392439,0.366949883019,0.528752616673,0.415219800517,0.424701391454,0.455855190248,0.314431720231,0.330747444896,0.484423100603,0.43387513853,0.418852358084,0.444280261052,0.412880187169,0.409801748553,0.537803226204,0.352665927841,0.366457332841,0.447912818618,0.417374707548,0.394963674424,0.349956901859,0.373660879202,0.401797808152,0.38184952592,0.428087673932,0.356852604359,0.387883265608,0.447543405984,0.358761236301,0.422669621968,0.405245659402,1.0,0.542359315355,0.471493658416,0.873660879202,0.400504863933,0.446681443172,0.526474572097,0.402044083241,0.421376677749,0.438615933998,0.48300701884,0.311968969339,0.413988425071,0.340167467061,0.40229035833,0.389976603867,0.462443048886,0.618396749169,0.363317325453,0.503201576161,0.419160201946,0.361839674917,0.44557320527,0.35740672331,0.326745474695,0.294606575545,0.488363502032,0.385051102081,0.407954685384,0.340229035833,0.360362024381,0.340844723556,0.272626523827,0.41583548824,0.345893362886,0.406600172393,0.446312030538,0.456963428149,0.494828223125,0.305257973156,0.363194187908,0.333210195789,0.398534663219,0.356791035587,0.371136559537,0.345339243935,0.426302179535,0.327915281369,0.342999630587,0.310737593892,0.327053318557,0.308705824406,0.520009851004,0.289619504987,0.364671838444,0.30882896195,0.298300701884,0.341706686369,0.401982514469,0.504863933013,0.36405615072,0.373476172885,0.468476788573,0.318310552888,0.321943110454,0.302733653491,0.291589705701,0.379509912572,0.36405615072,0.310429750031,0.316463489718,0.294114025366,0.32157369782,0.451730082502,0.320588597463,0.270656323113,0.351496121167,0.309629355991,0.330685876124,0.322558798178,0.278721832287,0.345523950252,0.55257973156,0.438800640315,0.329639206994,0.378340105898,0.369166358823,0.598817879571,0.257542174609,0.42858022411,0.374153429381,0.252308828962,0.276012806305,0.252678241596,0.408016254156,0.268624553626,0.443603004556,0.189016131018,0.25969708164,0.283216352666,0.308890530723,0.27853712597,0.290666174116,0.412695480852,0.262898657801,0.39564093092,0.291959118335,0.249353527891,0.202253417067,0.211796576776,0.383819726635,0.428272380249,0.34626277552,0.439539465583,0.353343184337,0.767885728359,0.496613717522,0.503817263884,0.360669868243,0.288819110947,0.314616426548,0.302425809629,0.249969215614,0.233468784632,0.393301317572,0.40573820958,0.344354143578,0.253540204408,0.311968969339,0.278106144563,0.20871813816,0.411217830316,0.346201206748,0.316463489718,0.302918359808,0.233961334811,0.291651274474,0.253355498091,0.423039034602,0.237409186061,0.318741534294,0.277428888068,0.26554611501,0.262036694988,0.284139884251,0.412818618397,0.402782908509,0.321696835365,0.307905430366,0.256064524073,0.378155399581,0.227250338628,0.469154045068,0.343307474449,0.362147518778,0.243011944342,0.293621475188,0.233776628494,0.266962196774,0.387883265608,0.316340352173,0.302918359808,0.284016746706,0.332286664204,0.246213520502,0.226203669499,0.382280507327,0.334380002463,0.295714813447,0.280692033001,0.296022657308,0.27428888068,0.380679719246,0.246459795592,0.185814554858,0.400443295161,0.642162295284,0.468168944711,0.392747198621,0.474941509666,0.479066617412,0.405307228174,0.297992858022,0.377231867997,0.385789927349,0.397795837951
12,0.0541727672035,0.655929721816,0.487554904832,0.338213762811,0.530014641288,0.430453879941,0.373352855051,0.333821376281,0.332357247438,0.502196193265,0.262079062958,0.341142020498,0.374816983895,0.354319180088,0.313323572474,0.405563689605,0.357247437775,0.243045387994,0.351390922401,0.373352855051,0.191800878477,0.352855051245,0.588579795022,0.286969253294,0.209370424597,0.295754026354,0.389458272328,0.354319180088,0.373352855051,0.363103953148,0.467057101025,0.253294289898,0.241581259151,0.395314787701,0.538799414348,0.320644216691,0.345534407028,0.579795021962,0.568081991215,0.267935578331,0.450951683748,0.327964860908,0.409956076135,0.491947291362,0.245973645681,0.415812591508,0.232796486091,0.366032210835,0.314787701318,0.494875549048,0.442166910688,0.314787701318,0.509516837482,0.557833089312,0.396778916545,0.600292825769,0.446559297218,0.742313323572,0.893118594436,0.600292825769,0.556368960469,0.288433382138,0.571010248902,0.696925329429,0.462664714495,0.194729136164,0.502196193265,0.455344070278,0.385065885798,0.360175695461,0.843338213763,0.528550512445,0.954612005857,0.847730600293,0.345534407028,0.562225475842,0.294289897511,0.364568081991,0.683748169839,0.366032210835,0.749633967789,0.306002928258,0.218155197657,0.202049780381,0.445095168375,0.409956076135,0.204978038067,0.187408491947,0.458272327965,0.196193265007,0.329428989751,0.259150805271,0.232796486091,0.383601756955,0.464128843338,0.248901903367,0.273792093704,0.260614934114,0.632503660322,0.229868228404,0.294289897511,0.222547584187,0.254758418741,0.269399707174,0.288433382138,0.254758418741,0.298682284041,0.373352855051,0.253294289898,0.185944363104,0.180087847731,0.455344070278,0.363103953148,0.168374816984,0.383601756955,0.207906295754,0.468521229868,0.415812591508,0.408491947291,0.279648609078,0.306002928258,0.199121522694,0.281112737921,0.360175695461,0.330893118594,0.338213762811,0.314787701318,0.234260614934,0.540263543192,0.319180087848,0.455344070278,0.547584187408,0.412884333821,0.289897510981,0.250366032211,0.565153733529,0.524158125915,1.0,0.560761346999,0.490483162518,0.585651537335,0.267935578331,0.363103953148,0.707174231332,0.474377745242,0.159590043924,0.515373352855,0.462664714495,0.452415812592,0.547584187408,0.478770131772,0.623718887262,0.456808199122,0.360175695461,0.256222547584,0.243045387994,0.496339677892,0.560761346999,0.232796486091,0.134699853587,0.358711566618,0.500732064422,0.371888726208,0.474377745242,0.449487554905,0.279648609078,0.282576866764,0.452415812592,0.448023426061,0.297218155198,0.475841874085,0.256222547584,0.245973645681,0.298682284041,0.505124450952,0.471449487555,0.330893118594,0.181551976574,0.286969253294,0.218155197657,0.346998535871,0.266471449488,0.370424597365,0.426061493411,0.317715959004,0.385065885798,0.210834553441,0.095168374817,0.339677891654,0.219619326501,0.483162518302,0.134699853587,0.360175695461,0.206442166911,0.237188872621,0.468521229868,0.310395314788,0.336749633968,0.443631039531,0.260614934114,0.183016105417,0.248901903367,0.218155197657,0.209370424597,0.364568081991,0.354319180088,0.234260614934,0.260614934114,0.319180087848,0.228404099561,0.165446559297,0.300146412884,0.292825768668,0.256222547584,0.128843338214,0.273792093704,0.531478770132,0.424597364568,0.314787701318,0.339677891654,0.316251830161,0.311859443631
13,0.0238805970149,0.55671641791,0.450746268657,0.326865671642,0.508955223881,0.398507462687,0.273134328358,0.525373134328,0.216417910448,0.282089552239,0.292537313433,0.308955223881,0.246268656716,0.437313432836,0.262686567164,0.2,0.205970149254,0.282089552239,0.228358208955,0.417910447761,0.202985074627,0.162686567164,0.676119402985,0.192537313433,0.246268656716,0.241791044776,0.20447761194,0.274626865672,0.320895522388,0.471641791045,0.316417910448,0.197014925373,0.15671641791,0.370149253731,0.359701492537,0.10447761194,0.162686567164,0.673134328358,0.35671641791,0.220895522388,0.325373134328,0.282089552239,0.277611940299,0.325373134328,0.292537313433,0.271641791045,0.153731343284,0.291044776119,0.405970149254,0.305970149254,0.297014925373,0.50447761194,0.608955223881,0.711940298507,0.313432835821,0.214925373134,0.305970149254,0.441791044776,0.444776119403,0.350746268657,0.40447761194,0.167164179104,0.49552238806,0.488059701493,0.217910447761,0.197014925373,0.528358208955,0.376119402985,0.189552238806,0.338805970149,0.419402985075,0.314925373134,0.810447761194,1.0,0.628358208955,0.277611940299,0.213432835821,0.497014925373,0.738805970149,0.246268656716,0.337313432836,0.402985074627,0.271641791045,0.153731343284,0.329850746269,0.216417910448,0.261194029851,0.137313432836,0.489552238806,0.231343283582,0.267164179104,0.20447761194,0.229850746269,0.267164179104,0.346268656716,0.135820895522,0.30447761194,0.155223880597,0.346268656716,0.159701492537,0.24776119403,0.123880597015,0.267164179104,0.238805970149,0.261194029851,0.24328358209,0.110447761194,0.285074626866,0.229850746269,0.201492537313,0.207462686567,0.331343283582,0.24776119403,0.240298507463,0.332835820896,0.208955223881,0.217910447761,0.450746268657,0.380597014925,0.285074626866,0.367164179104,0.194029850746,0.253731343284,0.653731343284,0.34328358209,0.202985074627,0.246268656716,0.189552238806,0.417910447761,0.368656716418,0.249253731343,0.280597014925,0.350746268657,0.223880597015,0.235820895522,0.385074626866,0.355223880597,0.44328358209,0.397014925373,0.307462686567,0.241791044776,0.171641791045,0.507462686567,0.291044776119,0.467164179104,0.198507462687,0.488059701493,0.268656716418,0.317910447761,0.441791044776,0.385074626866,0.264179104478,0.316417910448,0.311940298507,0.279104477612,0.291044776119,0.410447761194,0.376119402985,0.232835820896,0.19552238806,0.274626865672,0.30447761194,0.216417910448,0.292537313433,0.24776119403,0.0776119402985,0.191044776119,0.426865671642,0.273134328358,0.320895522388,0.520895522388,0.15671641791,0.171641791045,0.153731343284,0.237313432836,0.302985074627,0.313432835821,0.138805970149,0.201492537313,0.140298507463,0.20447761194,0.222388059701,0.320895522388,0.213432835821,0.119402985075,0.270149253731,0.207462686567,0.117910447761,0.391044776119,0.364179104478,0.223880597015,0.0776119402985,0.168656716418,0.119402985075,0.183582089552,0.40447761194,0.276119402985,0.158208955224,0.502985074627,0.235820895522,0.186567164179,0.207462686567,0.214925373134,0.317910447761,0.280597014925,0.541791044776,0.202985074627,0.229850746269,0.277611940299,0.323880597015,0.0925373134328,0.211940298507,0.489552238806,0.114925373134,0.114925373134,0.232835820896,0.528358208955,0.429850746269,0.389552238806,0.344776119403,0.198507462687,0.25223880597
14,0.0482981695214,0.241858413585,0.33272072337,0.270675586268,0.494670293318,0.270087480703,0.262883187532,1.0,0.211203411012,0.273763140484,0.356980077924,0.21208556936,0.240314636477,0.230243328677,0.214511504815,0.254649709623,0.379401602588,0.221274718812,0.245313533779,0.25134161582,0.22752334044,0.224215246637,0.265970741748,0.261706976402,0.284422553848,0.343012570756,0.222597956333,0.294199808866,0.24127030802,0.213335293685,0.248033522017,0.262736161141,0.252738366537,0.291553333823,0.41593766081,0.320885098875,0.359332500184,0.346541204146,0.375652429611,0.312504594575,0.311769462619,0.37131515107,0.294787914431,0.444607807101,0.318532676615,0.352422259796,0.280526354481,0.221715797986,0.352275233404,0.198926707344,0.225906050136,0.253399985297,0.255237815188,0.264941557009,0.356980077924,0.284202014262,0.327648312872,0.325736969786,0.264941557009,0.289274424759,0.437624053518,0.556347864442,0.281702565611,0.308902447989,0.225538484158,0.320664559288,0.228993604352,0.256855105491,0.255090788797,0.375799456002,0.334411526869,0.301183562449,0.246489744909,0.299051679777,0.316547820334,0.400867455708,0.287289568478,0.399470704992,0.221789311181,0.323752113504,0.34815849445,0.231934132177,0.217157979857,0.216422847901,0.259575093729,0.230390355069,0.296258178343,0.201205616408,0.355803866794,0.464382856723,0.219216349335,0.336690435933,0.239653017717,0.305667867382,0.249209733147,0.16878629714,0.489303830037,0.283834448283,0.223406601485,0.177166801441,0.210615305447,0.237741674631,0.667940895391,0.15334852606,0.236418437109,0.198706167757,0.403587443946,0.300080864515,0.260677791664,0.148937734323,0.183341909873,0.1711387194,0.315886201573,0.297360876277,0.285819304565,0.268690729986,0.420348452547,0.226714695288,0.242152466368,0.276042049548,0.20083805043,0.26207454238,0.266264794531,0.154230684408,0.20554289495,0.176946261854,0.110931412188,0.141880467544,0.16393442623,0.148349628758,0.13305888407,0.120488127619,0.19613320591,0.156142027494,0.163052267882,0.151731235757,0.116665441447,0.255017275601,0.165698742924,0.203484525472,0.238109240609,0.193633757259,0.234360067632,0.242520032346,0.242667058737,0.243549217084,0.336543409542,0.333088289348,0.489818422407,0.440858634125,0.429684628391,0.380210247739,0.320517532897,0.424391678306,0.24060868926,0.289862530324,0.292729544953,0.239873557304,0.488495184886,0.240020583695,0.268984782769,0.274718812027,0.281187973241,0.321620230831,0.275086378005,0.221274718812,0.185767845328,0.311107843858,0.416084687201,0.3708005587,0.384326986694,0.363743291921,0.30838785562,0.199367786518,0.227082261266,0.275380430787,0.216937440271,0.267146952878,0.302947879144,0.217746085422,0.378592957436,0.292803058149,0.342130412409,0.430493273543,0.27802690583,0.296919797104,0.349261192384,0.203411012277,0.509814011615,0.244431375432,0.283907961479,0.236859516283,0.311328383445,0.35117253547,0.233404396089,0.300448430493,0.277659339852,0.231199000221,0.334779092847,0.27096963905,0.181063000809,0.199514812909,0.321105638462,0.290450635889,0.265015070205,0.226788208483,0.249356759538,0.171432772183,0.205616408145,0.211938542968,0.133279423657,0.221568771595,0.520399911784,0.432772182607,0.378887010218,0.321693744027,0.389472910387,0.269205322355,0.230463868264,0.352054693818,0.453870469749,0.484672498714
15,0.0,0.0,0.0,0.0,0.0,0.0,0.0,0.0,0.0,0.0,0.0,0.0,0.0,0.0,0.0,0.0,0.0,0.0,0.0,0.0,0.0,0.0,0.0,0.0,0.0,0.0,0.0,0.0,0.0,0.0,0.0,0.0,0.0,0.0,0.0,0.0,0.0,0.0,0.0,0.0,0.0,0.0,0.0,0.0,0.0,0.0,0.0,0.0,0.0,0.0,0.0,0.0,0.0,0.0,0.0,0.0,0.0,0.0,0.0,0.0,0.0,0.0,0.0,0.0,0.0,0.0,0.0,0.0,0.0,0.0,0.0,0.0,0.0,0.0,0.0,0.0,0.0,0.0,0.0,0.0,0.0,0.0,0.0,0.0,0.0,0.0,0.0,0.0,0.0,0.0,0.0,0.0,0.0,0.0,0.0,0.0,0.0,0.0,0.0,0.0,0.0,0.0,0.0,0.0,0.0,0.0,0.0,0.0,0.0,0.0,0.0,0.0,0.0,0.0,0.0,0.0,0.0,0.0,0.0,0.0,0.0,0.0,0.0,0.0,0.0,0.0,0.0,0.0,0.0,0.0,0.0,0.0,0.0,0.0,0.0,0.0,0.0,0.0,0.0,0.0,0.0,0.0,0.0,0.0,0.0,0.0,0.0,0.0,0.0,0.0,0.0,0.0,0.0,0.0,0.0,0.0,0.0,0.0,0.0,0.0,0.0,0.0,0.0,0.0,0.0,0.0,0.0,0.0,0.0,0.0,0.0,0.0,0.0,0.0,0.0,0.0,0.0,0.0,0.0,0.0,0.0,0.0,0.0,0.0,0.0,0.0,0.0,0.0,0.0,0.0,0.0,0.0,0.0,0.0,0.0,0.0,0.0,0.0,0.0,0.0,0.0,0.0,0.0,0.0,0.0,0.0,0.0,0.0,0.0,0.0,0.0,0.0,0.0,0.0,0.0,0.0,0.0,0.0,0.0,0.0,0.0,0.0
16,0.0,0.0,0.0,0.0,0.0,0.0,0.0,0.0,0.0,0.0,0.0,0.0,0.0,0.0,0.0,0.0,0.0,0.0,0.0,0.0,0.0,0.0,0.0,0.0,0.0,0.0,0.0,0.0,0.0,0.0,0.0,0.0,0.0,0.0,0.0,0.0,0.0,0.0,0.0,0.0,0.0,0.0,0.0,0.0,0.0,0.0,0.0,0.0,0.0,0.0,0.0,0.0,0.0,0.0,0.0,0.0,0.0,0.0,0.0,0.0,0.0,0.0,0.0,0.0,0.0,0.0,0.0,0.0,0.0,0.0,0.0,0.0,0.0,0.0,0.0,0.0,0.0,0.0,0.0,0.0,0.0,0.0,0.0,0.0,0.0,0.0,0.0,0.0,0.0,0.0,0.0,0.0,0.0,0.0,0.0,0.0,0.0,0.0,0.0,0.0,0.0,0.0,0.0,0.0,0.0,0.0,0.0,0.0,0.0,0.0,0.0,0.0,0.0,0.0,0.0,0.0,0.0,0.0,0.0,0.0,0.0,0.0,0.0,0.0,0.0,0.0,0.0,0.0,0.0,0.0,0.0,0.0,0.0,0.0,0.0,0.0,0.0,0.0,0.0,0.0,0.0,0.0,0.0,0.0,0.0,0.0,0.0,0.0,0.0,0.0,0.0,0.0,0.0,0.0,0.0,0.0,0.0,0.0,0.0,0.0,0.0,0.0,0.0,0.0,0.0,0.0,0.0,0.0,0.0,0.0,0.0,0.0,0.0,0.0,0.0,0.0,0.0,0.0,0.0,0.0,0.0,0.0,0.0,0.0,0.0,0.0,0.0,0.0,0.0,0.0,0.0,0.0,0.0,0.0,0.0,0.0,0.0,0.0,0.0,0.0,0.0,0.0,0.0,0.0,0.0,0.0,0.0,0.0,0.0,0.0,0.0,0.0,0.0,0.0,0.0,0.0,0.0,0.0,0.0,0.0,0.0,0.0
17,0.0268743180755,0.116316828597,0.0360229299804,0.0320482845811,0.0335376941861,0.0261858991012,0.0322647685354,0.0471198974732,0.0413224571795,0.0429027900452,0.0351526644845,0.0284806290158,0.0238045756049,0.07256975113,0.0349578289257,0.0334467709253,0.0356505775792,0.0370230858489,0.029519751996,0.0268569993592,0.026177239743,0.0259131293189,0.0340659150344,0.0335939800142,0.0240600266708,0.0289828717895,0.0255364472385,0.034048596318,0.0348019604787,0.0378976810239,0.0514755546319,0.0421321071682,0.0253502710379,0.0343949706448,0.0455568833238,0.0424611627786,0.085887843993,0.0561213002892,0.0752541521622,0.0494839022532,0.0298704560018,0.0379886042847,0.0365554805078,0.0383003411787,0.0390147382276,0.0335983096933,0.028030342391,0.0280476611074,0.0376422299579,0.0606501446113,0.0389887601531,0.0389671117577,0.0444658041946,0.0479165584247,0.0317885038361,0.0545193190281,0.0509040369928,0.0500164527805,0.0586931296652,0.0322128123863,0.0331263746731,0.0296279939731,0.0378240764795,0.0341525086161,0.0279480784884,0.0274415060356,0.0357241821236,0.0257529311927,0.0325981538248,0.0333341992692,0.0364688869261,0.0301042586723,0.0498779030498,0.0388545401015,0.0405344555862,0.0351136973728,0.0389194852878,0.0487954832788,0.0622954226633,0.0731542578064,0.0580003810118,0.0727126305398,0.0439808801372,0.0644472731681,0.0523631388441,0.0685647979772,0.0354470826622,0.032758351951,0.0273505827748,0.0364385791725,0.0328492752117,0.0322820872517,0.0347110372179,0.0350704005819,0.0416515127899,0.0285975303511,0.0326241318993,0.0552726831887,0.0533243276008,0.0349145321349,0.045513586533,0.0635293812023,0.058987547843,0.0463795223498,0.0476611073587,0.0243154777368,0.0326414506157,0.0309745241683,0.0327843300255,0.0372612181985,0.0290737950503,0.0237482897768,0.0847794461475,0.0358064460262,0.029316257079,0.031987669074,0.0345508390918,0.02458391784,0.0467432153929,0.0365727992241,0.0301475554632,0.0307190731023,0.0382873521415,0.0302471380821,0.0306065014461,0.0350357631492,0.0305632046553,0.0284330025459,0.0282424966661,0.0316759321799,0.0319746800367,0.0262854817201,0.05857622833,0.0252983148889,0.046544050155,0.0410583467553,0.0543980880137,0.0765184184548,0.0303640394174,0.0384821877002,0.0312213158761,0.0457906859944,0.0870222199131,0.0946381254221,0.0686643805961,0.0767998475953,0.0980585718987,0.17667255503,0.300406123898,0.546262621015,0.533619958089,0.568608094768,0.700070140801,0.770578964687,0.50037668208,0.689956010461,0.406743042206,0.383609566859,0.201126582498,0.179716319426,0.465830172668,0.262075474966,0.367438215479,0.335909492388,0.337801562148,0.159202299926,0.129808108623,0.262841828164,0.627110718554,0.519782303736,0.456374153548,0.213886146759,0.221740184618,0.188371347916,0.263482620668,0.335346634107,0.401482482118,0.202975355467,0.208478377583,0.175862905041,0.191809113109,0.226533139364,0.386086143295,0.179170779862,0.216371382553,0.18726295007,0.204204984327,0.114606605358,0.386532100241,0.508451533572,0.368403733915,0.162276372075,0.179192428257,0.125010824198,0.126643113212,0.282554857034,0.329163852375,0.335433227689,0.390173360351,0.221852756274,0.199485634125,0.0794409518366,0.140831471571,0.287637900279,0.156149876171,0.178737811953,0.227208569301,0.137380717341,0.146243570427,0.0999506416584,0.0186522574947,0.297128556831,0.406686756378,0.454854436189,0.275384908471,0.331467241648,0.795106596699,0.828938709063,0.71364368473,0.823071993904,1.0,0.533749848461
18,0.0,0.0,0.0,0.0,0.0,0.0,0.0,0.0,0.0,0.0,0.0,0.0,0.0,0.0,0.0,0.0,0.0,0.0,0.0,0.0,0.0,0.0,0.0,0.0,0.0,0.0,0.0,0.0,0.0,0.0,0.0,0.0,0.0,0.0,0.0,0.0,0.0,0.0,0.0,0.0,0.0,0.0,0.0,0.0,0.0,0.0,0.0,0.0,0.0,0.0,0.0,0.0,0.0,0.0,0.0,0.0,0.0,0.0,0.0,0.0,0.0,0.0,0.0,0.0,0.0,0.0,0.0,0.0,0.0,0.0,0.0,0.0,0.0,0.0,0.0,0.0,0.0,0.0,0.0,0.0,0.0,0.0,0.0,0.0,0.0,0.0,0.0,0.0,0.0,0.0,0.0,0.0,0.0,0.0,0.0,0.0,0.0,0.0,0.0,0.0,0.0,0.0,0.0,0.0,0.0,0.0,0.0,0.0,0.0,0.0,0.0,0.0,0.0,0.0,0.0,0.0,0.0,0.0,0.0,0.0,0.0,0.0,0.0,0.0,0.0,0.0,0.0,0.0,0.0,0.0,0.0,0.0,0.0,0.0,0.0,0.0,0.0,0.0,0.0,0.0,0.0,0.0,0.0,0.0,0.0,0.0,0.0,0.0,0.0,0.0,0.0,0.0,0.0,0.0,0.0,0.0,0.0,0.0,0.0,0.0,0.0,0.0,0.0,0.0,0.0,0.0,0.0,0.0,0.0,0.0,0.0,0.0,0.0,0.0,0.0,0.0,0.0,0.0,0.0,0.0,0.0,0.0,0.0,0.0,0.0,0.0,0.0,0.0,0.0,0.0,0.0,0.0,0.0,0.0,0.0,0.0,0.0,0.0,0.0,0.0,0.0,0.0,0.0,0.0,0.0,0.0,0.0,0.0,0.0,0.0,0.0,0.0,0.0,0.0,0.0,0.0,0.0,0.0,0.0,0.0,0.0,0.0
19,0.0541727672035,0.655929721816,0.487554904832,0.338213762811,0.530014641288,0.430453879941,0.373352855051,0.333821376281,0.332357247438,0.502196193265,0.262079062958,0.341142020498,0.374816983895,0.354319180088,0.313323572474,0.405563689605,0.357247437775,0.243045387994,0.351390922401,0.373352855051,0.191800878477,0.352855051245,0.588579795022,0.286969253294,0.209370424597,0.295754026354,0.389458272328,0.354319180088,0.373352855051,0.363103953148,0.467057101025,0.253294289898,0.241581259151,0.395314787701,0.538799414348,0.320644216691,0.345534407028,0.579795021962,0.568081991215,0.267935578331,0.450951683748,0.327964860908,0.409956076135,0.491947291362,0.245973645681,0.415812591508,0.232796486091,0.366032210835,0.314787701318,0.494875549048,0.442166910688,0.314787701318,0.509516837482,0.557833089312,0.396778916545,0.600292825769,0.446559297218,0.742313323572,0.893118594436,0.600292825769,0.556368960469,0.288433382138,0.571010248902,0.696925329429,0.462664714495,0.194729136164,0.502196193265,0.455344070278,0.385065885798,0.360175695461,0.843338213763,0.528550512445,0.954612005857,0.847730600293,0.345534407028,0.562225475842,0.294289897511,0.364568081991,0.683748169839,0.366032210835,0.749633967789,0.306002928258,0.218155197657,0.202049780381,0.445095168375,0.409956076135,0.204978038067,0.187408491947,0.458272327965,0.196193265007,0.329428989751,0.259150805271,0.232796486091,0.383601756955,0.464128843338,0.248901903367,0.273792093704,0.260614934114,0.632503660322,0.229868228404,0.294289897511,0.222547584187,0.254758418741,0.269399707174,0.288433382138,0.254758418741,0.298682284041,0.373352855051,0.253294289898,0.185944363104,0.180087847731,0.455344070278,0.363103953148,0.168374816984,0.383601756955,0.207906295754,0.468521229868,0.415812591508,0.408491947291,0.279648609078,0.306002928258,0.199121522694,0.281112737921,0.360175695461,0.330893118594,0.338213762811,0.314787701318,0.234260614934,0.540263543192,0.319180087848,0.455344070278,0.547584187408,0.412884333821,0.289897510981,0.250366032211,0.565153733529,0.524158125915,1.0,0.560761346999,0.490483162518,0.585651537335,0.267935578331,0.363103953148,0.707174231332,0.474377745242,0.159590043924,0.515373352855,0.462664714495,0.452415812592,0.547584187408,0.478770131772,0.623718887262,0.456808199122,0.360175695461,0.256222547584,0.243045387994,0.496339677892,0.560761346999,0.232796486091,0.134699853587,0.358711566618,0.500732064422,0.371888726208,0.474377745242,0.449487554905,0.279648609078,0.282576866764,0.452415812592,0.448023426061,0.297218155198,0.475841874085,0.256222547584,0.245973645681,0.298682284041,0.505124450952,0.471449487555,0.330893118594,0.181551976574,0.286969253294,0.218155197657,0.346998535871,0.266471449488,0.370424597365,0.426061493411,0.317715959004,0.385065885798,0.210834553441,0.095168374817,0.339677891654,0.219619326501,0.483162518302,0.134699853587,0.360175695461,0.206442166911,0.237188872621,0.468521229868,0.310395314788,0.336749633968,0.443631039531,0.260614934114,0.183016105417,0.248901903367,0.218155197657,0.209370424597,0.364568081991,0.354319180088,0.234260614934,0.260614934114,0.319180087848,0.228404099561,0.165446559297,0.300146412884,0.292825768668,0.256222547584,0.128843338214,0.273792093704,0.531478770132,0.424597364568,0.314787701318,0.339677891654,0.316251830161,0.311859443631
20,0.0,0.0,0.0,0.0,0.0,0.0,0.0,0.0,0.0,0.0,0.0,0.0,0.0,0.0,0.0,0.0,0.0,0.0,0.0,0.0,0.0,0.0,0.0,0.0,0.0,0.0,0.0,0.0,0.0,0.0,0.0,0.0,0.0,0.0,0.0,0.0,0.0,0.0,0.0,0.0,0.0,0.0,0.0,0.0,0.0,0.0,0.0,0.0,0.0,0.0,0.0,0.0,0.0,0.0,0.0,0.0,0.0,0.0,0.0,0.0,0.0,0.0,0.0,0.0,0.0,0.0,0.0,0.0,0.0,0.0,0.0,0.0,0.0,0.0,0.0,0.0,0.0,0.0,0.0,0.0,0.0,0.0,0.0,0.0,0.0,0.0,0.0,0.0,0.0,0.0,0.0,0.0,0.0,0.0,0.0,0.0,0.0,0.0,0.0,0.0,0.0,0.0,0.0,0.0,0.0,0.0,0.0,0.0,0.0,0.0,0.0,0.0,0.0,0.0,0.0,0.0,0.0,0.0,0.0,0.0,0.0,0.0,0.0,0.0,0.0,0.0,0.0,0.0,0.0,0.0,0.0,0.0,0.0,0.0,0.0,0.0,0.0,0.0,0.0,0.0,0.0,0.0,0.0,0.0,0.0,0.0,0.0,0.0,0.0,0.0,0.0,0.0,0.0,0.0,0.0,0.0,0.0,0.0,0.0,0.0,0.0,0.0,0.0,0.0,0.0,0.0,0.0,0.0,0.0,0.0,0.0,0.0,0.0,0.0,0.0,0.0,0.0,0.0,0.0,0.0,0.0,0.0,0.0,0.0,0.0,0.0,0.0,0.0,0.0,0.0,0.0,0.0,0.0,0.0,0.0,0.0,0.0,0.0,0.0,0.0,0.0,0.0,0.0,0.0,0.0,0.0,0.0,0.0,0.0,0.0,0.0,0.0,0.0,0.0,0.0,0.0,0.0,0.0,0.0,0.0,0.0,0.0
21,0.0953384677746,0.713741386299,0.598054316984,0.636157276044,0.557194973652,0.521605188488,0.56189704094,0.725982975274,0.599270368869,0.587190920146,0.726064045399,0.457640859343,0.477989460884,0.596838265099,0.619943250912,0.643291447102,0.656343737333,0.619537900284,0.589136603162,0.560356708553,0.497689501419,0.558897446291,0.614511552493,0.644831779489,0.544629104175,0.48739359546,0.523875152006,0.560762059181,0.578678556952,0.580624239968,0.51203891366,0.646696392379,0.647182813133,0.508958248885,0.561734900689,0.633563032023,0.768301580867,0.735711390353,0.697040940413,0.692176732874,0.519740575598,0.770733684637,0.739602756384,0.590271584921,0.60486420754,0.636562626672,0.936603161735,0.44856100527,0.604702067288,0.476854479124,0.524604783137,0.528415079043,0.584758816376,0.629752736117,0.54584515606,0.629833806242,0.55014187272,0.487636805837,0.538062423997,0.444345358735,0.469396027564,0.416781516011,0.689096068099,0.529063640049,0.606890960681,0.536603161735,0.528415079043,0.486988244832,0.405026347791,0.606647750304,0.495014187272,0.515362788812,0.57235508715,0.559870287799,0.694770976895,0.417105796514,0.514795297933,0.529631130928,0.506769355493,0.520308066478,0.541062018646,0.524847993514,0.53781921362,0.455046615322,0.404215646534,0.452695581678,0.471665991082,0.475881637617,0.766680178354,0.600162140251,0.648885285772,0.456181597081,0.506364004864,0.497446291042,0.461289014998,0.714227807053,0.489501418727,0.531901094447,0.544385893798,0.522821240373,0.43194162951,0.499635184435,0.417267936765,0.520875557357,0.497122010539,0.408998783948,0.461532225375,0.427888123227,0.452209160924,0.683745439805,0.427239562221,0.367004458857,0.482205107418,0.46404539927,0.450912038914,0.473449533847,0.412728009728,0.421564653425,0.59440616133,0.472395622213,0.393676530199,0.553627888123,0.48123226591,0.525577624645,0.350385083097,0.511633563032,0.450101337657,0.337008512363,0.408512363194,0.37105796514,0.404539927037,0.396108633968,0.432265910012,0.298500202675,0.352087555736,0.316984191325,0.364977705715,0.35816781516,0.368220510742,0.452695581678,0.41848398865,0.482610458046,0.456181597081,0.32119983786,0.257073368464,0.375597892177,0.466639643291,0.537413862991,0.438021888934,0.653911633563,0.409404134576,0.724118362383,0.730117551682,0.591730847183,0.539197405756,0.483907580057,0.419375760032,0.449695987029,0.373733279287,0.378921767329,0.624239967572,0.565626266721,0.44799351439,0.400891771382,0.405999189299,0.717713822456,0.291933522497,0.477908390758,0.45788406972,0.411836238346,0.438913660316,0.353708958249,0.428374543981,0.379489258208,0.577705715444,0.450912038914,0.416943656263,0.442156465343,0.382326712606,0.408431293069,0.367815160113,0.499959464937,0.461532225375,0.490555330361,0.508147547629,0.446209971625,1.0,0.292744223754,0.581110660722,0.392865828942,0.570733684637,0.381191730847,0.395622213214,0.309768950142,0.332225374949,0.534089987839,0.424483177949,0.362059181192,0.411836238346,0.532549655452,0.388163761654,0.298743413052,0.51203891366,0.465828942035,0.440372922578,0.419375760032,0.459829752736,0.360518848804,0.555654641265,0.39383867045,0.236076205918,0.554195379003,0.839643291447,0.689339278476,0.48796108634,0.631455208756,0.644750709364,0.631211998379,0.439643291447,0.529550060803,0.563599513579,0.546250506688
22,0.0159765932337,0.124626278521,0.0363198269079,0.0336300157356,0.0316876475216,0.0245328481511,0.0303894571204,0.0630851691581,0.0439761998426,0.0386801730921,0.033698859166,0.030404209284,0.0248082218725,0.165170141621,0.0236575531078,0.0279701022817,0.034205350118,0.0302271833202,0.0273554287962,0.0277979937057,0.0260326514555,0.0287372147915,0.0369148308419,0.0330104248623,0.0229642014162,0.0214496459481,0.0238886703383,0.0290420928403,0.0299911487018,0.032518686074,0.0463021243116,0.0343381195909,0.0214840676633,0.0303550354052,0.0413158929976,0.0326219512195,0.064570220299,0.0606117230527,0.044384343037,0.037795043273,0.0284864280094,0.0307582612116,0.0332267899292,0.0333153029111,0.0408634933124,0.0277193154996,0.0232297403619,0.0264112903226,0.0334628245476,0.0546666011015,0.0384244689221,0.0350314712825,0.0452842250197,0.0399881982691,0.0282061369001,0.0484952793076,0.0430468135327,0.0469217151849,0.0837037765539,0.0312254130606,0.0268538552321,0.0245869394178,0.0345348151062,0.0365509441385,0.0253983084186,0.0239083398899,0.0368017309205,0.0215676632573,0.0270751376869,0.0303058615264,0.0325088512982,0.027025963808,0.0450924468922,0.0415470102282,0.0261900078678,0.0309647915028,0.0357739968529,0.0383408733281,0.0562598347758,0.0713758851298,0.0498180566483,0.0583841463415,0.0527193154996,0.0439712824548,0.0671715184894,0.0349773800157,0.0291699449253,0.0288749016522,0.0232395751377,0.0303747049567,0.0374655782848,0.0287126278521,0.0260080645161,0.0359215184894,0.0426583398899,0.028083202203,0.0318204169945,0.0464004720692,0.0479691188041,0.0235297010228,0.0466905979544,0.0584382376082,0.0553894571204,0.042948465775,0.0592987804878,0.0222020062943,0.0257031864673,0.0276160503541,0.026435877262,0.0239378442172,0.0206038552321,0.0229789535799,0.0890047206924,0.0391915814319,0.0290912667191,0.0285946105429,0.0319335169158,0.0273308418568,0.0359018489378,0.0372000393391,0.0358920141621,0.0332218725413,0.0438286782061,0.032051534225,0.0337283634933,0.0409569236821,0.031967938631,0.0302665224233,0.0297551140834,0.0305714004721,0.0271193941778,0.026435877262,0.040204563336,0.0267997639654,0.0455448465775,0.0408094020456,0.0604199449253,0.0798928009441,0.0279651848938,0.0506490952006,0.0325924468922,0.0490804484658,0.0674911487018,0.0675157356412,0.0660257671125,0.0700334382376,0.0985985444532,0.162647521637,0.233344807238,0.41909913454,0.438862116444,0.425826121164,0.526691581432,0.526893194335,0.270318646735,0.171695515342,0.254691188041,0.287185287175,0.355296026751,0.190012785208,0.159023406766,0.353869984264,0.222000393391,0.200363886703,0.203756884343,0.254179779701,0.236964004721,0.371395554681,0.340937254131,0.326548977183,0.285537962234,0.373337922895,0.366197875688,0.307808811959,0.487549173879,0.214476789929,0.24814122738,0.223077301338,0.398657553108,0.347251180173,0.315942171518,0.414157159717,0.222905192762,0.327237411487,0.278850314713,0.503579858379,0.322580645161,0.228506097561,0.220495672699,0.159883949646,0.229843627065,0.297452793076,0.220298977183,0.234515145555,0.218582808812,0.175821203777,0.191743705744,0.216045436664,0.198790322581,0.372462627852,0.31614870181,0.122334775767,0.247403619197,0.175059008655,0.228791306058,0.231097560976,0.372108575924,0.229169944925,0.247334775767,0.174911487018,0.018371361133,0.363704760031,0.516079858379,0.549788552321,0.525968725413,0.701686664044,0.385277340677,0.389299763965,0.338311369001,0.381510621558,0.418931943352,1.0
23,0.0425921438764,0.186728768992,0.021978120597,0.0257473368692,0.0232255516966,0.0184422367606,0.0312934693841,0.0647766739359,0.0511357007601,0.0290588625941,0.0413806100746,0.0283678396109,0.0126896947832,0.0660420536844,0.0169704475496,0.0174909583681,0.0146909691373,0.0191960800151,0.0187922354145,0.0152204542803,0.0150678907645,0.0157499394233,0.0147537894085,0.0265370774215,0.00989867987687,0.0106256001579,0.00898329878218,0.0129678988414,0.016449936731,0.0267614355329,0.0338332032056,0.022175555735,0.0144666110259,0.0219960692459,0.0258909260605,0.0183614678405,0.0344524315932,0.0237909341374,0.0369113964946,0.0272011774314,0.0123666191027,0.0229652962873,0.0251729801039,0.0280088666326,0.0358344775597,0.0167371151137,0.0163691678109,0.0184063394628,0.0321819275054,0.0521677480728,0.0240511895467,0.0178858286442,0.0245447773919,0.0213499178849,0.0139999461541,0.0185768516275,0.0303780882894,0.0227768354737,0.0373601127175,0.0137666137182,0.0164589110555,0.0129499501925,0.0125730285653,0.0167909610604,0.0129050785702,0.0134255893888,0.0119448258532,0.0185948002764,0.0115948271994,0.0200306921896,0.0138653312872,0.0183165962182,0.0694074253561,0.0159473745614,0.0130127704637,0.0141794326432,0.018155058378,0.0227140152025,0.0286819409669,0.0279998923081,0.0240870868445,0.0437588060559,0.0297409112529,0.0285832233979,0.0305037288318,0.0386883127373,0.020802484093,0.0178050597241,0.0146640461639,0.0167101921403,0.014116612372,0.0165755772734,0.0215832503208,0.0225973489846,0.0161896813217,0.0153640434716,0.0188550556857,0.023351192239,0.0223370935753,0.0211883800447,0.0226601692558,0.0485241723429,0.0475998169238,0.0371088316327,0.0582433657306,0.01050893394,0.0240691381956,0.0129320015436,0.0121961069381,0.0145563542704,0.0115140582793,0.0123666191027,0.0477254574662,0.0167909610604,0.0106973947536,0.0161807069973,0.0150948137379,0.00933329743604,0.0289332220517,0.0235037557548,0.0145832772438,0.0172666002567,0.0210088935555,0.015076865089,0.0119179028799,0.0169524989006,0.0147717380574,0.0151396853602,0.0151486596846,0.0136499475002,0.0185050570318,0.0132191799262,0.0282063017706,0.0138384083138,0.0289691193495,0.023351192239,0.0463703344731,0.0800419998385,0.0120614920712,0.0245178544185,0.0171409597143,0.0447549560707,0.0538638953953,0.0394062586939,0.0274434841917,0.0524639007799,0.0684381983146,0.112502131402,0.21978120597,0.396162578862,0.346489692988,0.434554738892,0.497509624963,1.0,0.244720853638,0.170368575505,0.216047886995,0.238465749491,0.238106776512,0.262911809314,0.142225094006,0.549794039254,0.178580082384,0.191377469061,0.174155740427,0.172585233647,0.151118649544,0.567069613835,0.35837169857,0.28853350564,0.258460544383,0.231420904791,0.222509400605,0.204255624658,0.346040976765,0.182663400013,0.206660743613,0.304346265335,0.240269588707,0.244487521202,0.260740022795,0.273384845956,0.243993933357,0.218435057301,0.359367848585,0.208069712552,0.249674680738,0.128404634341,0.215419684283,0.136203322295,0.218381211354,0.179549309426,0.291091188111,0.157651957749,0.140196896679,0.143580216999,0.174155740427,0.195604375881,0.258595159249,0.239533694101,0.204910750343,0.105564978596,0.186459539258,0.167864738982,0.187922354145,0.283857882598,0.297274497662,0.1638352673,0.174030099884,0.107386766461,0.00867817175062,0.234238842671,0.453158513493,0.730204883827,0.418975311633,0.525644132138,0.514453149539,0.542138940491,0.423776575218,0.503360884509,0.62210017141,0.872385106211
24,0.0,0.0,0.0,0.0,0.0,0.0,0.0,0.0,0.0,0.0,0.0,0.0,0.0,0.0,0.0,0.0,0.0,0.0,0.0,0.0,0.0,0.0,0.0,0.0,0.0,0.0,0.0,0.0,0.0,0.0,0.0,0.0,0.0,0.0,0.0,0.0,0.0,0.0,0.0,0.0,0.0,0.0,0.0,0.0,0.0,0.0,0.0,0.0,0.0,0.0,0.0,0.0,0.0,0.0,0.0,0.0,0.0,0.0,0.0,0.0,0.0,0.0,0.0,0.0,0.0,0.0,0.0,0.0,0.0,0.0,0.0,0.0,0.0,0.0,0.0,0.0,0.0,0.0,0.0,0.0,0.0,0.0,0.0,0.0,0.0,0.0,0.0,0.0,0.0,0.0,0.0,0.0,0.0,0.0,0.0,0.0,0.0,0.0,0.0,0.0,0.0,0.0,0.0,0.0,0.0,0.0,0.0,0.0,0.0,0.0,0.0,0.0,0.0,0.0,0.0,0.0,0.0,0.0,0.0,0.0,0.0,0.0,0.0,0.0,0.0,0.0,0.0,0.0,0.0,0.0,0.0,0.0,0.0,0.0,0.0,0.0,0.0,0.0,0.0,0.0,0.0,0.0,0.0,0.0,0.0,0.0,0.0,0.0,0.0,0.0,0.0,0.0,0.0,0.0,0.0,0.0,0.0,0.0,0.0,0.0,0.0,0.0,0.0,0.0,0.0,0.0,0.0,0.0,0.0,0.0,0.0,0.0,0.0,0.0,0.0,0.0,0.0,0.0,0.0,0.0,0.0,0.0,0.0,0.0,0.0,0.0,0.0,0.0,0.0,0.0,0.0,0.0,0.0,0.0,0.0,0.0,0.0,0.0,0.0,0.0,0.0,0.0,0.0,0.0,0.0,0.0,0.0,0.0,0.0,0.0,0.0,0.0,0.0,0.0,0.0,0.0,0.0,0.0,0.0,0.0,0.0,0.0
25,0.0,0.0,0.0,0.0,0.0,0.0,0.0,0.0,0.0,0.0,0.0,0.0,0.0,0.0,0.0,0.0,0.0,0.0,0.0,0.0,0.0,0.0,0.0,0.0,0.0,0.0,0.0,0.0,0.0,0.0,0.0,0.0,0.0,0.0,0.0,0.0,0.0,0.0,0.0,0.0,0.0,0.0,0.0,0.0,0.0,0.0,0.0,0.0,0.0,0.0,0.0,0.0,0.0,0.0,0.0,0.0,0.0,0.0,0.0,0.0,0.0,0.0,0.0,0.0,0.0,0.0,0.0,0.0,0.0,0.0,0.0,0.0,0.0,0.0,0.0,0.0,0.0,0.0,0.0,0.0,0.0,0.0,0.0,0.0,0.0,0.0,0.0,0.0,0.0,0.0,0.0,0.0,0.0,0.0,0.0,0.0,0.0,0.0,0.0,0.0,0.0,0.0,0.0,0.0,0.0,0.0,0.0,0.0,0.0,0.0,0.0,0.0,0.0,0.0,0.0,0.0,0.0,0.0,0.0,0.0,0.0,0.0,0.0,0.0,0.0,0.0,0.0,0.0,0.0,0.0,0.0,0.0,0.0,0.0,0.0,0.0,0.0,0.0,0.0,0.0,0.0,0.0,0.0,0.0,0.0,0.0,0.0,0.0,0.0,0.0,0.0,0.0,0.0,0.0,0.0,0.0,0.0,0.0,0.0,0.0,0.0,0.0,0.0,0.0,0.0,0.0,0.0,0.0,0.0,0.0,0.0,0.0,0.0,0.0,0.0,0.0,0.0,0.0,0.0,0.0,0.0,0.0,0.0,0.0,0.0,0.0,0.0,0.0,0.0,0.0,0.0,0.0,0.0,0.0,0.0,0.0,0.0,0.0,0.0,0.0,0.0,0.0,0.0,0.0,0.0,0.0,0.0,0.0,0.0,0.0,0.0,0.0,0.0,0.0,0.0,0.0,0.0,0.0,0.0,0.0,0.0,0.0
26,0.0641322448316,0.473213923074,0.397546809634,0.378741724544,0.316640266439,0.297713334146,0.300475204094,0.390479671825,0.338735226027,0.343446651233,0.343365419764,0.252751716015,0.263108728321,0.323341862638,0.339913082328,0.336541976362,0.304008772999,0.303155842573,0.268998009829,0.26757645912,0.321229844442,0.28333536412,0.369075179725,0.363916981439,0.30608017546,0.249949230332,0.260671784249,0.328093903578,0.307339263231,0.38605255676,0.328662523862,0.314568863978,0.326184964055,0.285000609236,0.352666422972,0.336298281954,0.371877665408,0.4245562731,0.378741724544,0.308638966736,0.309491897161,0.360464644003,0.360505259738,0.345802363836,0.294504691117,0.335689045936,0.292311441452,0.267982616466,0.354494131026,0.261687177613,0.303277689777,0.362576662199,0.366353925511,0.388042727753,0.325453880833,0.347264530279,0.301937370537,0.35989602372,0.360220949596,0.345964826774,0.279192559197,0.265545672393,0.35156979814,0.355915681735,0.346980220137,0.301003208643,0.346167905447,0.280451646968,0.241907314894,0.292311441452,0.325250802161,0.29255513586,0.357987084196,0.376751553552,0.312822387393,0.234637098412,0.280167336826,0.272897120344,0.339466309248,0.275293448682,0.310385443321,0.240120222574,0.262540108038,0.285975386865,0.308314040859,0.264895820641,0.253198489095,0.252345558669,0.23524633443,0.396693879209,0.359368019171,0.249015068438,0.276633767922,0.263393038463,0.286706470087,0.209617805938,0.240810690061,0.307542341903,0.309898054506,0.242069777832,0.28816863653,0.255554201698,0.222005604971,0.260021932497,0.232403233012,0.27500913854,0.242719629585,0.284553836156,0.284635067625,0.211283051054,0.232240770074,0.265667519597,0.312131919906,0.288656025344,0.311278989481,0.287843710654,0.271394338167,0.255432354494,0.329515454287,0.308070346452,0.247309207587,0.334389342431,0.298485033102,0.274968522806,0.239957759636,0.289955728849,0.280532878437,0.231712765525,0.277080541002,0.265017667845,0.264449047561,0.365257300678,0.273140814752,0.169164534341,0.21384184233,0.218350188863,0.244628569108,0.277039925267,0.284310141749,0.333008407457,0.338207221478,0.34503066488,0.362251736323,0.267413996182,0.234393404005,0.21428861541,0.274643596929,0.323788635717,0.306730027213,0.299134884854,0.301571828927,0.291052353682,0.338938304699,0.34888915966,0.348279923642,0.283863368669,0.286787701556,0.300962592908,0.236424190731,0.209536574469,0.34539620649,0.280939035782,0.303237074042,0.256244669185,0.240851305796,0.224929937858,0.186304374315,0.280370415499,0.266723528695,0.29686040372,0.253198489095,0.222736688193,0.206084237033,1.0,0.293651760692,0.316274724828,0.304821087689,0.248933836968,0.216847406685,0.248162138012,0.238048820113,0.255269891556,0.381341131554,0.315787336014,0.313106697535,0.24267901385,0.301084440112,0.198570326144,0.368384712238,0.276390073514,0.275293448682,0.222858535397,0.281426424597,0.192640428902,0.186426221518,0.245968888347,0.250680313553,0.265586288128,0.254985581414,0.260468705577,0.255229275821,0.20112911742,0.291580358231,0.277852239958,0.255919743309,0.237805125706,0.259534543682,0.202672515332,0.221883757768,0.246984281711,0.150765606596,0.273993745177,0.411153080703,0.316640266439,0.27679623086,0.346086673977,0.386743024248,0.342065716258,0.300069046749,0.318752284635,0.33008407457,0.292189594249
27,0.124665257223,1.0,0.809866102889,0.830937279774,0.61592670895,0.563847780127,0.643199436223,0.722551092319,0.666596194503,0.661451726568,0.583509513742,0.501479915433,0.501338971106,0.641578576462,0.652078928823,0.642353770261,0.619450317125,0.589781536293,0.526990838619,0.582311486963,0.550176180409,0.578505990134,0.654334038055,0.718111346018,0.622339675828,0.489076814658,0.501973220578,0.613460183228,0.629527836505,0.706835799859,0.560465116279,0.617124735729,0.580408738548,0.532558139535,0.596053558844,0.644467935166,0.678999295278,0.741508104299,0.689992952784,0.578928823115,0.542424242424,0.664341085271,0.683932346723,0.612473572939,0.60140944327,0.644467935166,0.53932346723,0.476109936575,0.571317829457,0.488794926004,0.58971106413,0.657082452431,0.68245243129,0.58548273432,0.53608174771,0.647357293869,0.586680761099,0.599365750529,0.687808315715,0.592600422833,0.556518675123,0.506835799859,0.637420718816,0.608597603946,0.64940098661,0.595348837209,0.595701198027,0.4955602537,0.466384778013,0.590556730092,0.549753347428,0.575475687104,0.597885835095,0.608315715292,0.55200845666,0.455602536998,0.57237491191,0.505496828753,0.569626497533,0.551374207188,0.581395348837,0.432628611698,0.485059901339,0.510923185342,0.556730091614,0.527272727273,0.492882311487,0.472163495419,0.471247357294,0.480267794221,0.62177589852,0.487878787879,0.508949964764,0.50021141649,0.572656800564,0.418252290345,0.489992952784,0.517688513037,0.525088090204,0.441296687808,0.478717406624,0.42156448203,0.441014799154,0.39978858351,0.459760394644,0.45503875969,0.490556730092,0.479069767442,0.48992248062,0.432558139535,0.447427766032,0.469133192389,0.522621564482,0.49577167019,0.506765327696,0.513671599718,0.47519379845,0.44799154334,0.711557434813,0.59577167019,0.472304439746,0.616772374912,0.560394644116,0.438759689922,0.424876673714,0.485412262156,0.53326286117,0.40704721635,0.458421423538,0.459901338971,0.486962649753,0.54355179704,0.55341789993,0.307963354475,0.410147991543,0.336363636364,0.434249471459,0.507822410148,0.522551092319,0.635729386892,0.608104298802,0.65665961945,0.63044397463,0.464834390416,0.379351656096,0.389217758985,0.520930232558,0.556377730796,0.53044397463,0.577448907681,0.532699083862,0.60866807611,0.51310782241,0.609161381254,0.618040873855,0.559126145173,0.552431289641,0.527766032417,0.447216349542,0.416560958421,0.599859055673,0.554052149401,0.550458069063,0.491190979563,0.42156448203,0.398661028894,0.345947850599,0.503664552502,0.527484143763,0.578999295278,0.464482029598,0.414094432699,0.378576462297,0.870683579986,0.494432699084,0.480831571529,0.549119097956,0.446863988724,0.463072586328,0.448132487667,0.412191684285,0.484355179704,0.615081042988,0.564129668781,0.540028188865,0.450669485553,0.503875968992,0.35785764623,0.932417195208,0.526145172657,0.51028893587,0.45806906272,0.433051444679,0.393023255814,0.370049330514,0.467864693446,0.48971106413,0.483298097252,0.475052854123,0.475757575758,0.423114869626,0.336997885835,0.539887244538,0.509654686399,0.464622973925,0.471529245948,0.491895701198,0.378365045807,0.387385482734,0.452360817477,0.29577167019,0.561804087385,0.671599718111,0.628400281889,0.545313601128,0.625792811839,0.697533474278,0.611768851304,0.540873854827,0.544186046512,0.62177589852,0.593375616631
28,0.012871803792,0.213950252218,0.23847625674,0.177943990259,0.351887284745,0.228213602366,0.166985562707,0.182118629327,0.186989041572,0.207862236911,0.26213254479,0.171334145069,0.15393981562,0.190120020873,0.144894764307,0.117933553662,0.331883805879,0.160549660811,0.166637676118,0.166985562707,0.106279352931,0.0970603583232,0.224212906592,0.185075665333,0.273612802226,0.121064532962,0.171682031658,0.18455383545,0.177770046965,0.131675073926,0.215689685163,0.193772830057,0.216907288224,0.196555922769,0.235519220734,0.399721690729,0.164376413289,0.295355714037,0.250130457471,0.33501478518,0.182466515916,0.303878935467,0.141068011828,0.38232736128,0.309097234302,0.256914245956,0.242998782397,0.260740998435,0.407723082275,0.200382675248,0.212906592451,0.194468603235,0.25204383371,0.265785353975,0.456601148026,0.251695947121,0.227517829188,0.562184727779,0.219342494347,0.258305792312,0.481648982432,0.194990433119,0.243694555575,0.210819272917,0.228735432249,0.2082101235,0.178639763437,0.229779092016,0.307705687946,0.287180379196,0.229083318838,0.268568446686,0.261088885023,0.27917898765,0.332231692468,0.490520090451,0.288919812141,0.271003652809,0.223517133415,0.343190120021,0.376761175857,0.476256740303,0.311706383719,0.205253087493,0.243346668986,0.331188032701,0.255348756305,0.13532788311,0.382501304575,1.0,0.236388937206,0.424943468429,0.152896155853,0.533658027483,0.16594190294,0.106801182814,0.841885545312,0.206470690555,0.158462341277,0.108888502348,0.141241955123,0.220560097408,0.199860845364,0.156896851626,0.153417985737,0.0989737345625,0.289093755436,0.0864498173595,0.207340407027,0.177422160376,0.28265785354,0.135849712994,0.333101408941,0.232040354844,0.168898938946,0.135501826405,0.290659245086,0.210297443034,0.166289789529,0.114280744477,0.121586362846,0.3943294486,0.15237432597,0.157244738215,0.0834927813533,0.10314837363,0.0702730909723,0.124369455557,0.156201078448,0.11515046095,0.123151852496,0.14889546008,0.140894068534,0.107149069403,0.153417985737,0.161941207166,0.0904505131327,0.179161593321,0.186467211689,0.150113063141,0.197425639242,0.195686206297,0.175682727431,0.281614193773,0.194294659941,0.267350843625,0.244390328753,0.294833884154,0.454513828492,0.443903287528,0.496608105758,0.423204035484,0.382501304575,0.310488780658,0.268568446686,0.12367368238,0.127674378153,0.112019481649,0.25708818925,0.195686206297,0.155157418682,0.32301269786,0.182466515916,0.169594712124,0.128196208036,0.276221951644,0.101061054096,0.197077752653,0.180205253087,0.251174117238,0.296747260393,0.178813706732,0.320751435032,0.210645329623,0.166115846234,0.137589145938,0.214298138807,0.190467907462,0.15550530527,0.195686206297,0.52965733171,0.343885893199,0.293268394503,0.442163854583,0.49399895634,0.371890763611,0.282309966951,0.109062445643,0.590711428074,0.168029222473,0.21325447904,0.278309271178,0.13028352757,0.15393981562,0.301443729344,0.326317620456,0.158462341277,0.165072186467,0.309619064185,0.235867107323,0.330144372934,0.260393111846,0.339711254131,0.29935640981,0.323360584449,0.169942598713,0.213776308923,0.180901026265,0.120542703079,0.434510349626,0.155679248565,0.217081231519,0.642546529831,0.489302487389,0.289963471908,0.404070273091,0.281266307184,0.189424247695,0.230822751783,0.112019481649,0.300226126283,0.435554009393
29,0.0127490039841,0.170199203187,0.257848605578,0.182470119522,0.374501992032,0.214501992032,0.138007968127,0.118565737052,0.129561752988,0.132749003984,0.163346613546,0.11171314741,0.10406374502,0.135458167331,0.133545816733,0.109960159363,0.132430278884,0.114103585657,0.0978486055777,0.120796812749,0.101035856574,0.0756972111554,0.123027888446,0.149960159363,0.0898804780876,0.101035856574,0.0991235059761,0.0718725099602,0.164621513944,0.137848605578,0.121593625498,0.133705179283,0.0951394422311,0.158725099602,0.27219123506,0.143585657371,0.117768924303,0.194741035857,0.155697211155,0.147091633466,0.144701195219,0.254342629482,0.10406374502,0.298167330677,0.190438247012,0.198247011952,0.219601593625,0.168764940239,0.10374501992,0.13609561753,0.244940239044,0.0960956175299,0.15235059761,0.195059760956,0.16812749004,0.173386454183,0.174023904382,0.276494023904,0.148685258964,0.136892430279,0.124462151394,0.118406374502,0.228366533865,0.134023904382,0.144860557769,0.15235059761,0.10406374502,0.164302788845,0.1203187251,0.290677290837,0.123984063745,0.15171314741,0.181354581673,0.162071713147,0.188366533865,0.204780876494,0.290039840637,0.161274900398,0.166533864542,0.26422310757,0.202231075697,0.341035856574,0.2,0.246533864542,0.262151394422,0.165418326693,0.203187250996,0.131633466135,0.112828685259,0.156812749004,0.139123505976,0.170039840637,0.145657370518,0.274900398406,0.144541832669,0.117609561753,0.42374501992,0.149641434263,0.125258964143,0.109003984064,0.0965737051793,0.128605577689,0.0957768924303,0.18374501992,0.110916334661,0.0917928286853,0.0733067729084,0.0771314741036,0.196494023904,0.0978486055777,0.169880478088,0.106294820717,0.136733067729,0.188207171315,0.149482071713,0.107410358566,0.160796812749,0.138486055777,0.136414342629,0.0975298804781,0.088764940239,0.502788844622,0.110597609562,0.1196812749,0.0537051792829,0.100398406375,0.0640637450199,0.0932270916335,0.119043824701,0.0866932270916,0.084780876494,0.146135458167,0.0613545816733,0.103585657371,0.0702788844622,0.209880478088,0.0524302788845,0.220876494024,0.0830278884462,0.106613545817,0.105498007968,0.0917928286853,0.0854183266932,0.174342629482,0.188207171315,0.379282868526,0.178804780876,0.168924302789,0.12764940239,0.237450199203,0.166055776892,0.257529880478,0.143426294821,0.25609561753,0.184860557769,0.0843027888446,0.0592828685259,0.072828685259,0.116015936255,0.107091633466,0.135139442231,0.114581673307,0.1203187251,0.0980079681275,0.111553784861,0.153306772908,0.0914741035857,0.142629482072,0.110916334661,0.127330677291,0.124462151394,0.203665338645,0.225338645418,0.170677290837,0.116494023904,0.137051792829,0.183266932271,0.170996015936,0.0788844621514,0.369243027888,0.378645418327,0.216573705179,0.205099601594,0.230756972112,0.321593625498,0.120956175299,0.1996812749,0.0766533864542,1.0,0.171633466135,0.158565737052,0.137848605578,0.0909960159363,0.137211155378,0.17577689243,0.398087649402,0.116972111554,0.153944223108,0.190756972112,0.121434262948,0.213705179283,0.267250996016,0.238565737052,0.21577689243,0.218167330677,0.12780876494,0.137689243028,0.0779282868526,0.0960956175299,0.103266932271,0.0924302788845,0.184701195219,0.457529880478,0.378007968127,0.22422310757,0.236653386454,0.276175298805,0.134980079681,0.201912350598,0.0905179282869,0.219282868526,0.281434262948
30,0.0,0.0,0.0,0.0,0.0,0.0,0.0,0.0,0.0,0.0,0.0,0.0,0.0,0.0,0.0,0.0,0.0,0.0,0.0,0.0,0.0,0.0,0.0,0.0,0.0,0.0,0.0,0.0,0.0,0.0,0.0,0.0,0.0,0.0,0.0,0.0,0.0,0.0,0.0,0.0,0.0,0.0,0.0,0.0,0.0,0.0,0.0,0.0,0.0,0.0,0.0,0.0,0.0,0.0,0.0,0.0,0.0,0.0,0.0,0.0,0.0,0.0,0.0,0.0,0.0,0.0,0.0,0.0,0.0,0.0,0.0,0.0,0.0,0.0,0.0,0.0,0.0,0.0,0.0,0.0,0.0,0.0,0.0,0.0,0.0,0.0,0.0,0.0,0.0,0.0,0.0,0.0,0.0,0.0,0.0,0.0,0.0,0.0,0.0,0.0,0.0,0.0,0.0,0.0,0.0,0.0,0.0,0.0,0.0,0.0,0.0,0.0,0.0,0.0,0.0,0.0,0.0,0.0,0.0,0.0,0.0,0.0,0.0,0.0,0.0,0.0,0.0,0.0,0.0,0.0,0.0,0.0,0.0,0.0,0.0,0.0,0.0,0.0,0.0,0.0,0.0,0.0,0.0,0.0,0.0,0.0,0.0,0.0,0.0,0.0,0.0,0.0,0.0,0.0,0.0,0.0,0.0,0.0,0.0,0.0,0.0,0.0,0.0,0.0,0.0,0.0,0.0,0.0,0.0,0.0,0.0,0.0,0.0,0.0,0.0,0.0,0.0,0.0,0.0,0.0,0.0,0.0,0.0,0.0,0.0,0.0,0.0,0.0,0.0,0.0,0.0,0.0,0.0,0.0,0.0,0.0,0.0,0.0,0.0,0.0,0.0,0.0,0.0,0.0,0.0,0.0,0.0,0.0,0.0,0.0,0.0,0.0,0.0,0.0,0.0,0.0,0.0,0.0,0.0,0.0,0.0,0.0
31,0.0,0.0,0.0,0.0,0.0,0.0,0.0,0.0,0.0,0.0,0.0,0.0,0.0,0.0,0.0,0.0,0.0,0.0,0.0,0.0,0.0,0.0,0.0,0.0,0.0,0.0,0.0,0.0,0.0,0.0,0.0,0.0,0.0,0.0,0.0,0.0,0.0,0.0,0.0,0.0,0.0,0.0,0.0,0.0,0.0,0.0,0.0,0.0,0.0,0.0,0.0,0.0,0.0,0.0,0.0,0.0,0.0,0.0,0.0,0.0,0.0,0.0,0.0,0.0,0.0,0.0,0.0,0.0,0.0,0.0,0.0,0.0,0.0,0.0,0.0,0.0,0.0,0.0,0.0,0.0,0.0,0.0,0.0,0.0,0.0,0.0,0.0,0.0,0.0,0.0,0.0,0.0,0.0,0.0,0.0,0.0,0.0,0.0,0.0,0.0,0.0,0.0,0.0,0.0,0.0,0.0,0.0,0.0,0.0,0.0,0.0,0.0,0.0,0.0,0.0,0.0,0.0,0.0,0.0,0.0,0.0,0.0,0.0,0.0,0.0,0.0,0.0,0.0,0.0,0.0,0.0,0.0,0.0,0.0,0.0,0.0,0.0,0.0,0.0,0.0,0.0,0.0,0.0,0.0,0.0,0.0,0.0,0.0,0.0,0.0,0.0,0.0,0.0,0.0,0.0,0.0,0.0,0.0,0.0,0.0,0.0,0.0,0.0,0.0,0.0,0.0,0.0,0.0,0.0,0.0,0.0,0.0,0.0,0.0,0.0,0.0,0.0,0.0,0.0,0.0,0.0,0.0,0.0,0.0,0.0,0.0,0.0,0.0,0.0,0.0,0.0,0.0,0.0,0.0,0.0,0.0,0.0,0.0,0.0,0.0,0.0,0.0,0.0,0.0,0.0,0.0,0.0,0.0,0.0,0.0,0.0,0.0,0.0,0.0,0.0,0.0,0.0,0.0,0.0,0.0,0.0,0.0
32,0.0,0.0,0.0,0.0,0.0,0.0,0.0,0.0,0.0,0.0,0.0,0.0,0.0,0.0,0.0,0.0,0.0,0.0,0.0,0.0,0.0,0.0,0.0,0.0,0.0,0.0,0.0,0.0,0.0,0.0,0.0,0.0,0.0,0.0,0.0,0.0,0.0,0.0,0.0,0.0,0.0,0.0,0.0,0.0,0.0,0.0,0.0,0.0,0.0,0.0,0.0,0.0,0.0,0.0,0.0,0.0,0.0,0.0,0.0,0.0,0.0,0.0,0.0,0.0,0.0,0.0,0.0,0.0,0.0,0.0,0.0,0.0,0.0,0.0,0.0,0.0,0.0,0.0,0.0,0.0,0.0,0.0,0.0,0.0,0.0,0.0,0.0,0.0,0.0,0.0,0.0,0.0,0.0,0.0,0.0,0.0,0.0,0.0,0.0,0.0,0.0,0.0,0.0,0.0,0.0,0.0,0.0,0.0,0.0,0.0,0.0,0.0,0.0,0.0,0.0,0.0,0.0,0.0,0.0,0.0,0.0,0.0,0.0,0.0,0.0,0.0,0.0,0.0,0.0,0.0,0.0,0.0,0.0,0.0,0.0,0.0,0.0,0.0,0.0,0.0,0.0,0.0,0.0,0.0,0.0,0.0,0.0,0.0,0.0,0.0,0.0,0.0,0.0,0.0,0.0,0.0,0.0,0.0,0.0,0.0,0.0,0.0,0.0,0.0,0.0,0.0,0.0,0.0,0.0,0.0,0.0,0.0,0.0,0.0,0.0,0.0,0.0,0.0,0.0,0.0,0.0,0.0,0.0,0.0,0.0,0.0,0.0,0.0,0.0,0.0,0.0,0.0,0.0,0.0,0.0,0.0,0.0,0.0,0.0,0.0,0.0,0.0,0.0,0.0,0.0,0.0,0.0,0.0,0.0,0.0,0.0,0.0,0.0,0.0,0.0,0.0,0.0,0.0,0.0,0.0,0.0,0.0
33,0.0,0.0,0.0,0.0,0.0,0.0,0.0,0.0,0.0,0.0,0.0,0.0,0.0,0.0,0.0,0.0,0.0,0.0,0.0,0.0,0.0,0.0,0.0,0.0,0.0,0.0,0.0,0.0,0.0,0.0,0.0,0.0,0.0,0.0,0.0,0.0,0.0,0.0,0.0,0.0,0.0,0.0,0.0,0.0,0.0,0.0,0.0,0.0,0.0,0.0,0.0,0.0,0.0,0.0,0.0,0.0,0.0,0.0,0.0,0.0,0.0,0.0,0.0,0.0,0.0,0.0,0.0,0.0,0.0,0.0,0.0,0.0,0.0,0.0,0.0,0.0,0.0,0.0,0.0,0.0,0.0,0.0,0.0,0.0,0.0,0.0,0.0,0.0,0.0,0.0,0.0,0.0,0.0,0.0,0.0,0.0,0.0,0.0,0.0,0.0,0.0,0.0,0.0,0.0,0.0,0.0,0.0,0.0,0.0,0.0,0.0,0.0,0.0,0.0,0.0,0.0,0.0,0.0,0.0,0.0,0.0,0.0,0.0,0.0,0.0,0.0,0.0,0.0,0.0,0.0,0.0,0.0,0.0,0.0,0.0,0.0,0.0,0.0,0.0,0.0,0.0,0.0,0.0,0.0,0.0,0.0,0.0,0.0,0.0,0.0,0.0,0.0,0.0,0.0,0.0,0.0,0.0,0.0,0.0,0.0,0.0,0.0,0.0,0.0,0.0,0.0,0.0,0.0,0.0,0.0,0.0,0.0,0.0,0.0,0.0,0.0,0.0,0.0,0.0,0.0,0.0,0.0,0.0,0.0,0.0,0.0,0.0,0.0,0.0,0.0,0.0,0.0,0.0,0.0,0.0,0.0,0.0,0.0,0.0,0.0,0.0,0.0,0.0,0.0,0.0,0.0,0.0,0.0,0.0,0.0,0.0,0.0,0.0,0.0,0.0,0.0,0.0,0.0,0.0,0.0,0.0,0.0
34,0.0,0.0,0.0,0.0,0.0,0.0,0.0,0.0,0.0,0.0,0.0,0.0,0.0,0.0,0.0,0.0,0.0,0.0,0.0,0.0,0.0,0.0,0.0,0.0,0.0,0.0,0.0,0.0,0.0,0.0,0.0,0.0,0.0,0.0,0.0,0.0,0.0,0.0,0.0,0.0,0.0,0.0,0.0,0.0,0.0,0.0,0.0,0.0,0.0,0.0,0.0,0.0,0.0,0.0,0.0,0.0,0.0,0.0,0.0,0.0,0.0,0.0,0.0,0.0,0.0,0.0,0.0,0.0,0.0,0.0,0.0,0.0,0.0,0.0,0.0,0.0,0.0,0.0,0.0,0.0,0.0,0.0,0.0,0.0,0.0,0.0,0.0,0.0,0.0,0.0,0.0,0.0,0.0,0.0,0.0,0.0,0.0,0.0,0.0,0.0,0.0,0.0,0.0,0.0,0.0,0.0,0.0,0.0,0.0,0.0,0.0,0.0,0.0,0.0,0.0,0.0,0.0,0.0,0.0,0.0,0.0,0.0,0.0,0.0,0.0,0.0,0.0,0.0,0.0,0.0,0.0,0.0,0.0,0.0,0.0,0.0,0.0,0.0,0.0,0.0,0.0,0.0,0.0,0.0,0.0,0.0,0.0,0.0,0.0,0.0,0.0,0.0,0.0,0.0,0.0,0.0,0.0,0.0,0.0,0.0,0.0,0.0,0.0,0.0,0.0,0.0,0.0,0.0,0.0,0.0,0.0,0.0,0.0,0.0,0.0,0.0,0.0,0.0,0.0,0.0,0.0,0.0,0.0,0.0,0.0,0.0,0.0,0.0,0.0,0.0,0.0,0.0,0.0,0.0,0.0,0.0,0.0,0.0,0.0,0.0,0.0,0.0,0.0,0.0,0.0,0.0,0.0,0.0,0.0,0.0,0.0,0.0,0.0,0.0,0.0,0.0,0.0,0.0,0.0,0.0,0.0,0.0
35,0.0,0.0,0.0,0.0,0.0,0.0,0.0,0.0,0.0,0.0,0.0,0.0,0.0,0.0,0.0,0.0,0.0,0.0,0.0,0.0,0.0,0.0,0.0,0.0,0.0,0.0,0.0,0.0,0.0,0.0,0.0,0.0,0.0,0.0,0.0,0.0,0.0,0.0,0.0,0.0,0.0,0.0,0.0,0.0,0.0,0.0,0.0,0.0,0.0,0.0,0.0,0.0,0.0,0.0,0.0,0.0,0.0,0.0,0.0,0.0,0.0,0.0,0.0,0.0,0.0,0.0,0.0,0.0,0.0,0.0,0.0,0.0,0.0,0.0,0.0,0.0,0.0,0.0,0.0,0.0,0.0,0.0,0.0,0.0,0.0,0.0,0.0,0.0,0.0,0.0,0.0,0.0,0.0,0.0,0.0,0.0,0.0,0.0,0.0,0.0,0.0,0.0,0.0,0.0,0.0,0.0,0.0,0.0,0.0,0.0,0.0,0.0,0.0,0.0,0.0,0.0,0.0,0.0,0.0,0.0,0.0,0.0,0.0,0.0,0.0,0.0,0.0,0.0,0.0,0.0,0.0,0.0,0.0,0.0,0.0,0.0,0.0,0.0,0.0,0.0,0.0,0.0,0.0,0.0,0.0,0.0,0.0,0.0,0.0,0.0,0.0,0.0,0.0,0.0,0.0,0.0,0.0,0.0,0.0,0.0,0.0,0.0,0.0,0.0,0.0,0.0,0.0,0.0,0.0,0.0,0.0,0.0,0.0,0.0,0.0,0.0,0.0,0.0,0.0,0.0,0.0,0.0,0.0,0.0,0.0,0.0,0.0,0.0,0.0,0.0,0.0,0.0,0.0,0.0,0.0,0.0,0.0,0.0,0.0,0.0,0.0,0.0,0.0,0.0,0.0,0.0,0.0,0.0,0.0,0.0,0.0,0.0,0.0,0.0,0.0,0.0,0.0,0.0,0.0,0.0,0.0,0.0
